Insect_Order,Insect_Family,Insect_GenusNames,Insect_SpeciesNames,Author,Number_PlantGenus,Plant_GenusNames,Number_PlantSpecies,Plant_SpeciesNames,Plant Part/s ,Feeding Guild,Record_Infestation,Literature,
Lepidoptera,Tortricidae,Andrioplecta,Andrioplecta shoreae,"Komai, 1992",9,Anthoshorea / Dipterocarpus / Dryobalanops / Hopea /  Neobalanocarpus / Parashorea /  Richetia / Rubroshorea / Shorea,45,Dipterocarpus grandiflorus / Dipterocarpus tempehes / Dryobalanops aromatica / Dryobalanops lanceolata / Rubroshorea smithiana / Richetia xanthophylla / Shorea domatiosa / Shorea falciferoides / Rubroshorea parvifolia / Rubroshorea pilosa / Rubroshorea quadrinervis / Anthoshorea agamii / Rubroshorea kunstleri / Dipterocarpus pachyphyllus / Dipterocarpus geniculatus / Rubroshorea macrophylla / Rubroshorea acuminata / Anthoshorea bracteolata / Rubroshorea dasyphylla / Rubroshorea leprosula / Rubroshorea macroptera / Rubroshorea pauciflora / Richetia hopeifolia / Rubroshorea lepidota / Shorea maxwelliana / Rubroshorea ovalis / Neobalanocarpus heimii / Parashorea stellata / Anthoshorea hypochra / Rubroshorea curtisii / Shorea foxworthyi / Shorea ochrophloia / Richetia multiflora / Rubroshorea platyclados / Anthoshorea resinosa / Anthoshorea roxburghii / Rubroshorea singkawang / Shorea sumatrana / Dipterocarpus baudii / Dipterocarpus dyeri / Dipterocarpus kerrii / Hopea latifolia / Hopea mengarawan / Parashorea densiflora / Rubroshorea argentifolia /,Fruits / Seeds,Fruit Feeder / Seed Feeder,Thailand / Malaysia,"Basset et al. (2019), Brown et al. (2019), Hosaka et al. (2009), Nakagawa et al. (2003), Robinson et al. (2005)",
Coleoptera,Curculionidae,Coccotrypes,Coccotrypes gedeanus,"Wood & Bright, 1992",7,Anthoshorea / Anisoptera / Dipterocarpus / Dryobalanops / Richetia / Rubroshorea / Shorea,32,Anthoshorea bracteolata / Dipterocarpus palembanicus / Dryobalanops aromatica / Dryobalanops lanceolata / Richetia xanthophylla / Shorea falciferoides / Rubroshorea parvifolia / Rubroshorea scabrida / Dipterocarpus pachyphyllus / Dipterocarpus geniculatus / Dipterocarpus globosus / Dipterocarpus tempehes / Rubroshorea macrophylla / Anisoptera grossivenia / Dipterocarpus crinitus / Dipterocarpus stellatus / Rubroshorea acuta / Rubroshorea beccariana / Rubroshorea curtisii / Richetia faguetiana / Shorea havilandii / Richetia laxa / Rubroshorea macroptera / Rubroshorea smithiana / Shorea superba / Dipterocarpus dyeri / Dryobalanops oblongifolia / Anthoshorea assamica / Dipterocarpus cornutus / Rubroshorea platyclados / Rubroshorea pauciflora / Richetia maxima /,Fruits (post-dispersal) / Seeds,Fruit Feeder / Seed Feeder,Thailand / Malaysia,"Basset et al. (2019), Iku et al. (2018), Nakagawa et al. (2003)",
Coleoptera,Brentidae,Nanophyes,Nanophyes shoreae,"Marshall, 1935",7,Anthoshorea / Dipterocarpus / Dryobalanops / Hopea / Richetia / Rubroshorea / Shorea,31,Anthoshorea hypochra / Dipterocarpus tempehes / Dipterocarpus hasseltii / Dryobalanops aromatica / Dryobalanops lanceolata / Hopea helferi /  Hopea odorata / Hopea latifolia / Parashorea stellata / Richetia hopeifolia / Rubroshorea parvifolia / Rubroshorea scabrida / Rubroshorea smithiana / Rubroshorea acuminata / Rubroshorea dasyphylla / Rubroshorea singkawang / Rubroshorea leprosula/ Rubroshorea pauciflora / Rubroshorea macroptera / Rubroshorea beccariana / Rubroshorea ovalis / Rubroshorea platyclados / Rubroshorea rubra / Rubroshorea macrophylla / Rubroshorea macroptera / Shorea lepidopta / Shorea maxwelliana /  Shorea acuta / Shorea ochrophloia / Shorea falciferoides / Shorea sumatrana / ,Fruits / Seeds (pre-dispersal),Fruit Feeder / Seed Feeder,Malaysia / Thailand / Indonesia,"Basset et al. (2019), Hoasaka et al. (2009), Iku et al. (2018), Nakagawa et al. (2003), Natawiria et al. (1986), Toy (1991)",
Coleoptera,Curculionidae,Alcidodes,Alcidodes dipterocarpi,"(Marshall, 1921)",7,Anthoshorea / Dipterocarpus / Dryobalanops / Hopea / Richetia / Rubroshorea / Shorea,31,Dryobalanops aromatica / Shorea falciferoides / Rubroshorea parvifolia / Anthoshorea ochracea / Rubroshorea smithiana / Rubroshorea argentifolia / Rubroshorea acuminata / Rubroshorea leprosula / Rubroshorea macroptera / Shorea maxwelliana / Dipterocarpus cornutus / Richetia faguetiana / Hopea ferruginea / Rubroshorea coriacea / Rubroshorea platyclados / Rubroshorea quadrinervis / Anthoshorea roxburghii / Rubroshorea rubra / Dipterocarpus obtusifolius / Dipterocarpus tuberculatus / Rubroshorea almon / Anthoshorea assamica / Anthoshorea bracteolata / Shorea crassa / Rubroshorea curtisii / Neohopea isoptera / Rubroshorea johorensis / Rubroshorea kunstleri / Shorea laevis / Rubroshorea parvistipulata / Rubroshorea pauciflora,Fruits / Seeds,Fruit Feeder / Seed Feeder,Indonesia / Malaysia / Myanmar / Thailand / Laos / Singapore / Philippines,"Lyal & Curran (2000), Nakagawa et al. (2003), Hosaka et al. (2009), Natawiria et al. (1986)",
Coleoptera,Curculionidae,Alcidodes,Alcidodes humeralis,"Heller, 1940",3,Richetia / Rubroshorea / Shorea,22,Rubroshorea acuminata / Rubroshorea dasyphylla / Rubroshorea leprosula / Rubroshorea macroptera /  Rubroshorea parvifolia / Rubroshorea pauciflora / Rubroshorea lepidota /Shorea maxwelliana / Rubroshorea ovalis / Rubroshorea rubra / Rubroshorea quadrinervis / Rubroshorea platyclados / Rubroshorea platycarpa / Rubroshorea parvistipulata / Shorea laevis / Rubroshorea kunstleri / Rubroshorea johorensis / Richetia gibbosa / Rubroshorea curtisii / Shorea crassa / Shorea brunnescens / Shorea atrinervosa,Fruits / Seeds,Fruit Feeder / Seed Feeder,Malaysia / Thailand / Singapore / Indonesia / ,Hosaka et al. (2009),
Lepidoptera,Tortricidae,Andrioplecta,Andrioplecta pulverula,"(Meyrick, 1912)",7,Anthoshorea / Dipterocarpus / Dryobalanops / Parashorea / Richetia / Rubroshorea / Shorea ,20,Anthoshorea bracteolata / Rubroshorea curtisii / Shorea laevis / Rubroshorea leprosula / Richetia longisperma / Rubroshorea macrophylla / Rubroshorea ovalis / Rubroshorea pinanga / Rubroshorea platyclados / Rubroshorea singkawang / Dipterocarpus dyeri / Dipterocarpus baudii / Dipterocarpus grandiflorus / Dryobalanops aromatica / Dryobalanops oblongifolia / Parashorea densiflora / Rubroshorea acuminata / Anthoshorea agamii / Anthoshorea assamica / Dipterocarpus retusus /,Fruits / Seeds,Fruit Feeder / Seed Feeder,Malaysia / Indonesia,Robinson et al. (2025),
Coleoptera,Curculionidae,Alcidodes,Alcidodes shoreaphilus,"Lyal in Lyal & Curran, 2000",6,Anthoshorea / Dipterocarpus / Dryobalanops / Richetia / Rubroshorea / Shorea,17,Dryobalanops aromatica / Dryobalanops lanceolata / Richetia xanthophylla / Rubroshorea parvifolia / Anthoshorea ochracea /Dipterocarpus geniculatus / Dipterocarpus tempehes / Richetia hopeifolia / Rubroshorea leprosula / Richetia gibbosa / Shorea brunnescens / Rubroshorea acuminata / Rubroshorea rubra / Rubroshorea pauciflora / Richetia multiflora / Richetia longisperma / Richetia laxa,Fruits / Seeds (pre-dispersal),Fruit Feeder / Seed Feeder,Malaysia,"Hosaka et al. (2009), Lyal & Curran (2000), Nakagawa et al. (2003)",
Lepidoptera,Pyralidae,Assara,Assara albicostalis,"Walker, 1863",7,Anthoshorea / Dipterocarpus / Dryobalanops / Neobalanocarpus / Richetia / Rubroshorea / Shorea,17,Dipterocarpus globosus / Dipterocarpus tempehes / Dryobalanops aromatica / Dryobalanops lanceolata / Richetia xanthophylla / Shorea domatiosa /Anthoshorea confusa / Rubroshorea pilosa / Dipterocarpus crinitus / Rubroshorea smithiana / Rubroshorea macrophylla / Rubroshorea acuminata / Rubroshorea leprosula / Shorea  macroptera / Rubroshorea parvifolia / Neobalanocarpus heimii / Anthoshorea bracteolata,Fruits / Seeds,Fruit Feeder / Seed Feeder,Indonesia / Malaysia ,"Hosaka et al. (2009), Nakagawa et al. (2003)",
Coleoptera,Curculionidae,Alcidodes,Alcidodes caviventris,"Lyal in Lyal & Curran, 2000",3,Neohopea / Rubroshorea / Shorea,16,Shorea maxwelliana / Shorea amplexicaulis / Shorea atrinervosa / Shorea brunnescens / Rubroshorea coriacea / Shorea crassa / Richetia hopeifolia / Neohopea isoptera / Rubroshorea johorensis / Rubroshorea kunstleri / Shorea laevis / Rubroshorea ovalis / Rubroshorea parvistipulata / Rubroshorea pinanga / Rubroshorea quadrinervis / Rubroshorea parvifolia,Fruits / Seeds (pre-dispersal),Fruit Feeder / Seed Feeder,"Indonesia, Malaysia","Lyal & Curran (2000), Hosaka et al. (2009)",
Coleoptera,Curculionidae,Coccotrypes,Coccotrypes advena,"Blandford, 1894",6,Anthoshorea / Dipterocarpus / Dryobalanops / Richetia / Rubroshorea / Shorea,15,Dipterocarpus crinitus / Dipterocarpus palembanicus / Dipterocarpus tempehes / Dryobalanops aromatica / Dryobalanops lanceolata / Richetia xanthophylla / Richetia laxa / Shorea falciferoides / Dipterocarpus pachyphyllus / Dipterocarpus geniculatus / Dipterocarpus globosus / Rubroshorea smithiana / Rubroshorea macrophylla / Anthoshorea resinosa / Dryobalanops oblongifolia,Fruits / Seeds,Fruit Feeder / Seed Feeder,Malaysia,Nakagawa et al. (2003),
Coleoptera,Curculionidae,Alcidodes,Alcidodes curranae,"Lyal in Lyal & Curran, 2000",3,Dipterocarpus / Dryobalanops / Richetia,12,Dipterocarpus pachyphyllus / Dipterocarpus geniculatus / Dipterocarpus palembanicus / Dipterocarpus tempehes / Dryobalanops aromatica / Dryobalanops lanceolata / Richetia laxa / Dipterocarpus sublamellatus / Dipterocarpus hasseltii / Dipterocarpus costulatus / Dipterocarpus caudiferus / Dipterocarpus stellatus,Seeds (pre-dispersal),Seed Feeder,Indonesia / Malaysia ,Lyal & Curran (2000),
Lepidoptera,Pyralidae,Lamoria,Lamoria adaptella,"Walker, 1863",5,Dipterocarpus / Dryobalanops / Neobalanocarpus / Rubroshorea / Shorea,12,Dryobalanops aromatica / Dryobalanops lanceolata / Shorea falciferoides / Rubroshorea parvifolia / Rubroshorea scabrida / Dipterocarpus pachyphyllus / Rubroshorea leprosula / Neobalanocarpus heimii / Rubroshorea macroptera / Rubroshorea curtisii / Rubroshorea kunstleri / Dipterocarpus fagineus,Fruits / Seeds,Fruit Feeder / Seed Feeder,Malaysia,"Hosaka et al. (2009), Nakagawa et al. (2003)",
Coleoptera,Curculionidae,Alcidodes,Alcidodes spp.,,6,Anthoshorea / Dipterocarpus / Dryobalanops / Parashorea / Rubroshorea / Shorea,10,Dipterocarpus crinitus / Dryobalanops aromatica / Dryobalanops lanceolata / Shorea falciferoides / Rubroshorea curtisii / Parashorea stellata / Anthoshorea gratissima / Anthoshorea roxburghii / Anthoshorea bracteolata / Dipterocarpus grandiflorus,Fruits / Seeds,Fruit Feeder / Seed Feeder,Thailand / Malaysia,"Basset et al. (2019), Iku et al. (2018)",
Coleoptera,Curculionidae,Coccotrypes,Coccotrypes papuanus,"Wood & Bright, 1992",4,Dipterocarpus / Dryobalanops / Rubroshorea / Shorea,10,Dipterocarpus tempehes / Dryobalanops aromatica / Dryobalanops lanceolata / Shorea falciferoides / Rubroshorea parvifolia / Rubroshorea scabrida / Dipterocarpus geniculatus / Dipterocarpus globosus / Shorea laevis / Rubroshorea platyclados,Fruits / Seeds,Fruit Feeder / Seed Feeder,Malaysia,Nakagawa et al. (2003),
Coleoptera,Curculionidae,Coccotrypes,Coccotrypes cinnamomi ,"(Eggers, 1936)",4,Anthoshorea / Dipterocarpus / Dryobalanops / Rubroshorea,9,Anthoshorea bracteolata / Dipterocarpus palembanicus / Dryobalanops aromatica / Dryobalanops lanceolata / Dryobalanops oblongifolia / Rubroshorea acuminata / Rubroshorea parvifolia / Rubroshorea macrophylla / Rubroshorea platyclados,Fruits (post-dispersal) / Seeds,Fruit Feeder / Seed Feeder,Malaysia,"Nakagawa et al. (2003, 2005)",
Coleoptera,Curculionidae,Niphades,Niphades sp.,,3,Dipterocarpus / Dryobalanops / Rubroshorea,9,Dipterocarpus tempehes / Dryobalanops aromatica / Dipterocarpus pachyphyllus / Dipterocarpus geniculatus / Rubroshorea smithiana / Dipterocarpus stellatus / Dipterocarpus validus / Dipterocarpus sublamellatus / Dipterocarpus hasseltii / ,Seeds (pre-dispersal),Seed Feeder,Malaysia,Nakagawa et al. (2003),
Coleoptera,Curculionidae,Orchestes,Orchestes sp.,,4,Dipterocarpus / Dryobalanops / Richetia / Rubroshorea / Shorea,9,Dipterocarpus geniculatus / Dipterocarpus globosus / Dipterocarpus palembanicus / Dipterocarpus tempehes / Dryobalanops aromatica / Shorea falciferoides / Rubroshorea parvifolia / Rubroshorea smithiana / Richetia xanthophylla,Fruits,Fruit Feeder,Malaysia,Nakagawa et al. (2003),
Coleoptera,Curculionidae,Alcidodes,Alcidodes crassus,"(Pascoe, 1882)",4,Dipterocarpus / Dryobalanops / Hopea / Shorea,8,Dipterocarpus dyeri / Dryobalanops oblongifolia / Dryobalanops aromatica / Hopea sp. / Shorea guiso / Dipterocarpus cornutus / Dipterocarpus grandiflorus / Dipterocarpus retusus,Seeds,Seed Feeder,Indonesia / Malaysia,"Nakagawa et al. (2005), Lyal & Curran (2000)",
Coleoptera,Curculionidae,Alcidodes,Alcidodes hopeae,"Marshall, 1926",2,Hopea / Anthoshorea,8,Hopea dryobalanoides / Hopea dyeri / Hopea ferruginea / Hopea latifolia / Hopea sangal / Hopea mengarawan / Anthoshorea agamii / Anthoshorea assamica,Fruits / Seeds,Fruit Feeder / Seed Feeder,Indonesia / Malaysia,"Lyal & Curran (2000), Toy (1988)",
Coleoptera,Curculionidae,Alcidodes,Alcidodes hoplomachus,"Lyal in Lyal & Curran, 2000",1,Dipterocarpus,8,Dipterocarpus gracilis or D. validus / Dipterocarpus grandiflorus / Dipterocarpus caudiferus / Dipterocarpus coriaceus / Dipterocarpus hasseltii / Dipterocarpus sublamellatus / Dipterocarpus stellatus / Dipterocarpus tempehes ,Seeds (pre-dispersal),Seed Feeder,Philippines / Thailand / Laos / Vietnam / Malaysia / Indonesia,"Lyal & Curran (2000), Morimoto & Raros (1977)",
Coleoptera,Curculionidae,Alcidodes,Alcidodes toyi,"Lyal in Lyal & Curran, 2000",4,Anthoshorea / Dipterocarpus / Dryobalanops / Shorea,8,Dipterocarpus tempehes / Dryobalanops aromatica / Dryobalanops lanceolata / Shorea falciferoides / Anthoshorea agamii / Dryobalanops beccarii / Dryobalanops keithii / Dryobalanops oblongifolia,Fruits / Seeds (pre-dispersal),Fruit Feeder / Seed Feeder,Malaysia,"Lyal & Curran (2000), Nakagawa et al. (2003), Daljeet-Singh (1974)",
Coleoptera,Curculionidae,Alcidodes,Alcidodes curvirostris,"Lyal in Lyal & Curran, 2000",4,Anthoshorea / Dipterocarpus / Rubroshorea / Shorea,7,Anthoshorea lamellata / Rubroshorea macroptera / Shorea obtusa / Anthoshorea virescens / Dipterocarpus baudii / Anthoshorea assamica / Anthoshorea gratissima,Seeds (pre-dispersal),Seed Feeder,Indonesia / Malaysia / Thailand,Lyal & Curran (2000),
Coleoptera,Nanophyidae,Damnux,Damnux dipterocarpi,(Marshall 1932),2,Dipterocarpus / Rubroshorea,7,Dipterocarpus stellatus / Rubroshorea kunstleri / Dipterocarpus hasselti / Dipterocarpus geniculatus / Dipterocarpus costulatus / Dipterocarpus cornutus / Dipterocarpus retusus,Fruits / Seeds,Fruit Feeder / Seed Feeder,Indonesia / Malaysia,"Lyal & Curran (2003), Toy (1998), Nakagawa et al. (2003), Kalshoven",
Lepidoptera,Erebidae,Calliteara,Calliteara cerigoides,(Walker 1862),3,Anthoshorea / Hopea / Rubroshorea,7,Hopea odorata / Anthoshorea javanica / Hopea mengarawan / Rubroshorea stenoptera / Rubroshorea pinanga / Rubroshorea leprosula / Rubroshorea selanica,Leaves,Defoliator,Malaysia,Robinson et al. (2025),
Lepidoptera,Tortricidae,Andrioplecta,Andrioplecta subpulverula,"(Obraztsov, 1968)",4,Dipterocarpus / Dryobalanops / Parashorea / Shorea,7,Dryobalanops aromatica / Dryobalanops lanceolata / Shorea falciferoides / Dipterocarpus geniculatus / Dipterocarpus tempehes / Dipterocarpus grandiflorus / Parashorea densiflora,Fruits / Seeds,Fruit Feeder / Seed Feeder,Thailand,Basset et al. (2019),
Coleoptera,Anthribidae,Araecerus,Araecerus corporaali ,"Jordan, 1924",2,Dipterocarpus / Rubroshorea,6,Dipterocarpus pachyphyllus / Dipterocarpus geniculatus / Dipterocarpus palembanicus / Dipterocarpus tempehes / Rubroshorea smithiana / Rubroshorea macrophylla,Seeds,Seed Feeder,Malaysia,Nakagawa et al. (2003),
Coleoptera,Curculionidae,Alcidodes,Alcidodes gonzoi,"Lyal in Lyal & Curran, 2000",1,Hopea,6,Hopea dryobalanoides / Hopea dyeri / Hopea ferruginea / Hopea latifolia / Hopea mengarawan / Hopea sangal,Seeds (pre-dispersal),Seed Feeder,Indonesia / Malaysia,"Lyal & Curran (2000), Nakagawa et al. (2005)",
Coleoptera,Curculionidae,Imathia,Imathia sp.,,3,Dipterocarpus / Dryobalanops / Rubroshorea,6,Dipterocarpus pachyphyllus / Dipterocarpus globosus / Dipterocarpus palembanicus / Rubroshorea macrophylla / Dryobalanops lanceolata / Dryobalanops aromatica,Fruits,Fruit Feeder,Malaysia,Nakagawa et al. (2003),
Coleoptera,Nanophyidae,Ctenomerus,Ctenomerus spp.,,4,Dipterocarpus / Dryobalanops / Rubroshorea / Shorea,6,Dipterocarpus crinitus / Dryobalanops aromatica / Shorea falciferoides / Rubroshorea parvifolia / Dipterocarpus pachyphyllus / Rubroshorea smithiana,Fruits,Fruit Feeder,Malaysia,Nakagawa et al. (2003),
Lepidoptera,Erebidae,Orgyia ,Orgyia turbata,"(Butler, 1879)",3,Anthoshorea / Rubroshorea / Shorea,6,Shorea kudatensis / Rubroshorea mecistopteryx / Anthoshorea symingtonii / Rubroshorea waltonii / Rubroshorea hemsleyana / Hopea odorata,Leaves,Defoliator,Malaysia / Thailand,Chung et al. (2013),
Lepidoptera,Sesiidae,Synanthedon,Synanthedon nautica,"(Meyrick, 1932)",4,Dipterocarpus / Neobalanocarpus / Parashorea / Shorea,6,Neobalanocarpus heimii / Dipterocarpus grandiflorus / Parashorea densiflora / Dipterocarpus baudii / Dipterocarpus gracilis / Shorea sp.,Fruits / Seeds,Fruit Feeder / Seed Feeder,Malaysia,Hosaka et al. (2009),
Lepidoptera,Stathmophodidae,Hieromantis,Hieromantis sp.,,1,Rubroshorea,6,Rubroshorea acuminata / Rubroshorea leprosula / Rubroshorea macroptera / Rubroshorea parvifolia / Rubroshorea lepidota / Shorea maxwelliana,Fruits,Fruit Feeder,Malaysia,Hosaka et al. (2009),
Coleoptera,Anthribidae,Phloeobius,Phloebius sp.,,4,Dipterocarpus / Dryobalanops / Rubroshorea / Shorea,5,Dipterocarpus tempehes / Dryobalanops aromatica / Dryobalanops lanceolata / Shorea falciferoides / Rubroshorea parvifolia,Fruits,Fruit Feeder,Malaysia,Nakagawa et al. (2003),
Coleoptera,Curculionidae,Alcidodes,Alcidodes vaticus,"Lyal in Lyal & Curran, 2000",2,Hopea / Vatica,5,Hopea dryobalanoides / Vatica bella / Vatica granulata / Vatica umbonata / Vatica oblongifolia,Seeds (pre-dispersal),Seed Feeder,Malaysia / Indonesia / Philippines,Lyal & Curran (2000),
Coleoptera,Curculionidae,Coccotrypes,Coccotrypes medius,"Wood & Bright, 1992",2,Anthoshorea / Dryobalanops / Rubroshorea,5,Dryobalanops aromatica / Anthoshorea bracteolata / Rubroshorea leprosula / Rubroshorea macrophylla / Anthoshorea resinosa,Fruits (post-dispersal) / Seeds,Fruit Feeder,Malaysia,Daljeet-Singh (1974),
Coleoptera,Curculionidae,Coccotrypes,Coccotrypes variabilis,"Wood & Bright, 1992",4,Dipterocarpus / Dryobalanops / Hopea / Rubroshorea,5,Dipterocarpus cornutus / Rubroshorea kunstleri / Dryobalanops oblongifolia / Hopea dryobalanoides / Rubroshorea pauciflora / ,Fruits (post-dispersal) / Seeds,Fruit Feeder / Seed Feeder,Malaysia,Browne et al. (1961),
Coleoptera,Nanophyidae,Damnux,Damnux sp.,,1,Dipterocarpus,5,Dipterocarpus cornutus / Dipterocarpus globosus / Dipterocarpus crinitus / Dipterocarpus tempehes / Dipterocarpus palembanicus,Fruits,Fruit Feeder,Malaysia,"Hosaka et al. (2009), Iku et al. (2018)",
Coleoptera,Nanophyidae,Damnux,Damnux tenebriosa,"Lyal in Lyal & Curran, 2003",2,Dipterocarpus / Rubroshorea,5,Dipterocarpus cornutus / Dipterocarpus grandiflorus / Rubroshorea kunstleri / Dipterocarpus stellatus / Dipterocarpus sublamellatus,Fruits / Seeds (pre-dispersal),Fruit Feeder / Seed Feeder,Malaysia / Indonesia,"Hosaka et al. (2009), Lyal & Curran (2003)",
Hymenoptera,Apidae,Lepidotrigona,Lepidotrigona ventralis,"(Smith, 1857)",4,Anthoshorea / Rubroshorea / Shorea / Vatica,5,Shorea exelliptica / Anthoshorea agamii / Anthoshorea confusa / Rubroshorea argentifolia / Vatica odorata,Resin,Resin Feeders,Brunei,Chui et al. (2023),
Lepidoptera,Erebidae,Calliteara,Calliteara horsfieldii,"(Saunders, 1851)",5,Anthoshorea / Dipterocarpus / Hopea / Parashorea / Rubroshorea,5,Parashorea tomentella / Anthoshorea symingtonii / Hopea odorata / Dipterocarpus sp. / Rubroshorea argentifolia,Leaves,Defoliator,Malaysia / Thailand,Chung et al. (2013),
Lepidoptera,Erebidae,Dasychira,Dasychira sp.,,3,Anthoshorea / Rubroshorea / Shorea,5,Rubroshorea hemsleyana / Shorea sumatrana / Anthoshorea bracteolata / Rubroshorea leprosula / Rubroshorea macroptera,Leaves,Defoliator,Malaysia,Robinson et al. (2025),
Lepidoptera,Nolidae,Etanna,Etanna breviuscula,"(Walker, 1863)",4,Anthoshorea / Richetia / Rubroshorea / Shorea,5,Richetia acuminatissima / Shorea aregentifolia / Richetia gibbosa / Rubroshorea parvifolia / Anthoshorea symingtonii,Flowers,Florivore,Malaysia,Chung et al. (2011),
Lepidoptera,Psychidae,Pteroma,Pteroma plagiophleps,"(Hampson, 1892)",3,Anisoptera / Rubroshorea / Shorea,5,Rubroshorea leprosula / Rubroshorea balangeran / Rubroshorea macrophylla / Rubroshorea stenoptera / Anisoptera sp.,Leaves,Defoliator,Indonesia,"Lelana et al. (2022), Budiman et al. (2020), Oramahi & Wulandari (2017)",
Lepidoptera,Pyralidae,Endotricha,Endotricha mesenterialis,"(Walker, 1859)",3,Anthoshorea / Dipterocarpus / Rubroshorea,5,Anthoshorea gratissima / Dipterocarpus cornutus / Dipterocarpus crinitus / Rubroshorea macroptera / Rubroshorea ovalis,Leaves / Fruits / Seeds,Fruit Feeder / Seed Feeder / Defoliator,Malaysia,Robinson et al. (2025),
Lepidoptera,Tortricidae,Andrioplecta,Andrioplecta sp.,,2,Dipterocarpus / Rubroshorea,5,Dipterocarpus pachyphyllus / Rubroshorea smithiana / Rubroshorea macrophylla / Rubroshorea argentifolia / Dipterocarpus geniculatus,Fruits,Fruit Feeder,Malaysia,,
Lepidoptera,Tortricidae,Cydia,Cydia leucostoma,"(Meyrick, 1912)",2,Rubroshorea / Shorea,5,Rubroshorea macroptera / Shorea maxwelliana / Rubroshorea platyclados / Shorea seminis /  Rubroshorea parvifolia ,Seeds,Seed Feeder,Malaysia,Robinson et al. (2025),
Lepidoptera,Tortricidae,Lobesia,Lobesia sp.,,3,Dipterocarpus / Hopea / Rubroshorea,5,Rubroshorea stenoptera / Dipterocarpus cornutus / Dipterocarpus crinitus / Rubroshorea kunstleri / Hopea ponga,Fruits,Fruit Feeder,Malaysia,Robinson et al. (2025),
Coleoptera,Cerambycidae,Cyriopalus,Cyriopalus wallacei,"Pascoe, 1866",2,Richetia / Rubroshorea,4,Rubroshorea leprosula / Rubroshorea johorensis / Rubroshorea parvifolia / Richetia acuminatissima ,Wood,Wood Borer,Malaysia,Thapa (1968 & 1974),
Coleoptera,Curculionidae,Coccotrypes,Coccotrypes nitidus,"Wood & Bright, 1992",3,Anthoshorea / Dipterocarpus / Dryobalanops,4,Dipterocarpus tempehes / Dryobalanops aromatica / Anthoshorea confusa / Dipterocarpus kerrii,Fruits,Fruit Feeder,Malaysia,Nakagawa et al. (2003),
Coleoptera,Curculionidae,Idotasia,Idotasia sp.,,2,Dipterocarpus / Dryobalanops,4,Dryobalanops aromatica / Dipterocarpus pachyphyllus / Dipterocarpus palembanicus / Dryobalanops lanceolata,Fruits,Fruit Feeder,Malaysia,Nakagawa et al. (2003),
Coleoptera,Nanophyidae,Damnux,Damnux seminivorax,"Lyal in Lyal & Curran, 2003",1,Dipterocarpus,4,Dipterocarpus stellatus / Dipterocarpus sublamellatus / Dipterocarpus tempehes  / Dipterocarpus cornutus ,Seeds (pre-dispersal),Seed Feeder,Indonesia / Malaysia,Lyal & Curran (2003),
Hemiptera,Diaspididae,Aulacaspis,Aulacaspis calcarata,"Takagi, 1999",3,Dryobalanops / Rubshorea / Shorea,4,Dryobalanops aromatica / Rubroshorea bullata / Rubroshorea kunstleri / Shorea crassa,,Sap Suckers,Malaysia,Petrson et al. (2020),
Hymenoptera,Vespidae,Epsilon,Epsilon sp.,,3,Anthoshorea / Dipterocarpus / Rubroshorea,4,Anthoshorea confusa / Rubroshorea parvifolia / Dipterocarpus sp. / Anthoshorea confusa,Resin,Resin Feeders,Brunei,Chui et al. (2023),
Lepidoptera,Crambidae,Piletocera,Piletocera sp.,,3, Hopea / Richetia / Rubroshorea,4,Rubroshorea kunstleri / Hopea ponga / Richetia longisperma / Rubroshorea macroptera,Fruits,Fruit Feeder,Malaysia,Robinson et al. (2025),
Lepidoptera,Erebidae,Arctornis,Arctornis sp.,,4,Neobalanocarpus / Richetia / Rubroshorea / Shorea,4,Neobalanocarpus heimii / Richetia coriacea / Shorea sumatrana / Rubroshorea ovalis / ,Leaves,Defoliator,Malaysia,Robinson et al. (2025),
Lepidoptera,Erebidae,Olene,Olene mendosa,"Hübner, 1823",3,Dipterocarpus / Rubroshorea / Shorea,4,Rubroshorea waltonii / Shorea kudatensis / Rubroshorea ovalis /  Dipterocarpus tuberculatus,Flowers / Leaves,Defoliator / Florivore,Malaysia / Thailand,"Chung et al. (2013), Ong et al. (2020)",
Phasmatodea,Heteropterygidae,Haaniella,Haaniella echinata,"(Redtenbacher, 1906)",4,Dryobalanops / Hopea / Parashorea / Rubroshorea,4,Dryobalanops lanceolata / Rubroshorea smithiana / Hopea nervosa / Parashorea malaanonan,Leaves,Defoliator,Malaysia,"Blüthgen et al. (2006), Junker et al. (2008)",
Coleoptera,Cerambycidae,Hoplocerambyx,Hoplocerambyx spinicornis,"(Newman, 1842)",3,Dryobalanops / Parashorea / Pentacme,3,Dryobalanops lanceolata / Parashorea malaanonan / Pentacme contorta,Wood,Wood Borer,Philippines,Morimoto & Raros (1977),
Coleoptera,Cerambycidae,Stenhomalus,Stenhomalus v-fuscum,"Heller, 1924",3,Hopea / Rubroshorea / Vatica,3,Hopea acuminata / Rubroshorea palosapis / Vatica mangachapoi,Seeds,Seed Feeder,Philippines,Morimoto & Raros (1977),
Coleoptera,Curculionidae,Alcidodes,Alcidodes confusus,"Haaf, 1963",1,Hopea,3,Hopea dyeri / Hopea ferruginea / Hopea mengarawan,Seeds (pre-dispersal),Seed Feeder,Indonesia / Malaysia,Lyal & Curran (2000),
Coleoptera,Curculionidae,Alcidodes,Alcidodes sterryorum,"Lyal in Lyal & Curran, 2000",1,Hopea,3,Hopea ferruginea / Hopea odorata / Hopea sangal,Seeds (pre-dispersal),Seed Feeder,Indonesia,Lyal & Curran (2000),
Coleoptera,Curculionidae,Crossotarsus,Crossotarsus bifurcus,"Schedl, 1938",3,Anthoshorea / Parashorea / Rubroshorea,3,Parashorea malaanonan / Anthoshorea polita / Rubroshorea negrosensis,Wood,Wood Borer,Philippines,Morimoto & Raros (1977),
Coleoptera,Curculionidae,Xyleborus,Xyleborus perforans,"Wood & Bright, 1992",3,Dipterocarpus / Hopea / Rubroshorea,3,Dipterocarpus grandiflorus / Hopea odorata / Rubroshorea negrosensis,Wood,Wood Borer,"Philippines, Indonesia","Morimoto & Raros (1977), Haneda et al. (2020)",
Coleoptera,Nanophyidae,Damnux,Damnux cf. conviva,"Lyal in Lyal & Curran, 2003",1,Dipterocarpus,3,Dipterocarpus crinitus / Dipterocarpus sublamellatus / Dipterocarpus tempehes,Fruits / Seeds (pre-dispersal),Fruit Feeder / Seed Feeder,Malaysia,"Hosaka et al. (2009), Lyal & Curran (2003)",
Coleoptera,Nanophyidae,Damnux,Damnux grandis,"Lyal in Lyal & Curran, 2003",1,Dipterocarpus,3,Dipterocarpus caudiferus / Dipterocarpus hasseltii / Dipterocarpus tempehes,Seeds (pre-dispersal),Seed Feeder,Indonesia,Lyal & Curran (2003),
Coleoptera,Nanophyidae,Damnux,Damnux tindaleorum,"Lyal in Lyal & Curran, 2003",2,Dipterocarpus / Rubroshorea,3,Dipterocarpus cornutus / Dipterocarpus costulatus  / Rubroshorea kunstleri,Fruits / Seeds (pre-dispersal),Fruit Feeder / Seed Feeder,Malaysia,"Hosaka et al. (2009), Lyal & Curran (2003)",
Coleoptera,Nanophyidae,Meregallia,Meregallia spp.,,1,Dipterocarpus,3,Dipterocarpus palembanicus / Dipterocarpus tempehes / Dipterocarpus sublamellatus,"Seeds, Leaves","Seed Feeder, Gall-former",,,
Lepidoptera,Crambidae,Dichocrocis ,Dichocrocis leptalis,"Hampson, 1903",2,Dipterocarpus / Pentacme,3,Pentacme siamensis / Dipterocarpus obtusifolius / Dipterocarpus tuberculatus,Flowers / Fruits / Seeds,Florivore / Fruit Feeder / Seed Feeder,Thailand,Robinson et al. (2025),
Lepidoptera,Erebidae,Euproctis,Euproctis sp.,,2,Rubroshorea / Shorea,3,Rubroshorea lepidota / Rubroshorea stenoptera / Shorea sumatrana,Leaves,Defoliator,Malaysia,Robinson et al. (2025),
Lepidoptera,Erebidae,Lymantria,Lymantria ganara,"Moore, 1859",2,Anthorubroshorea / Rubroshorea,3,Rubroshorea smithiana / Anthoshorea symingtonii / Rubroshorea waltonii,Leaves,Defoliator,Malaysia,Chung et al. (2013),
Lepidoptera,Erebidae,Lymantria,Lymantria sp.,,1,Rubroshorea,3,Rubroshorea stenoptera / Rubroshorea macroptera / Rubroshorea lepidota,Leaves,Defoliator,Malaysia,Robinson et al. (2025),
Lepidoptera,Erebidae,Olene,Olene inclusa,"(Walker, 1856)",2,Rubroshorea / Shorea,3,Shorea kudatensis / Rubroshorea waltonii / Rubroshorea leprosula,Leaves,Defoliator,Malaysia,"Chung et al. (2013), Ong et al. (2020)",
Lepidoptera,Gracillariidae,Chrysocercops,Chrysocercops malayana,"Kumata, 1992",1,Anthoshorea / Rubroshorea,3,Rubroshorea acuminata / Anthoshorea bracteolata / Rubroshorea leprosula,Leaves,Leaf Miner,Malaysia,Kumata (1992),
Lepidoptera,Psychidae,Eumeta,Eumeta cramerii,"(Westwood, 1854)",3,Anthoshorea / Richetia / Rubroshorea,3,Anthoshorea assamica / Rubroshorea platyclados / Richetia maxima,Leaves,Defoliator,Malaysia,Robinson et al. (2025),
Lepidoptera,Pyralidae,Citripestis,Citripestis eutraphera,"Meyrick, 1933",2,Dipterocarpus / Rubroshorea,3,Dipterocarpus baudii / Dipterocarpus chartaceus / Rubroshorea macrophylla,Fruits / Seeds,Fruit Feeder / Seed Feeder,Malaysia,Robinson et al. (2025),
Lepidoptera,Pyralidae,Erinothus,Erinothus lollialis,"Walker, 1859",1,Rubroshorea,3,Rubroshorea parvifolia / Rubroshorea lepidota / Rubroshorea macroptera,Fruits,Fruit Feeder,Malaysia,Robinson et al. (2025),
Lepidoptera,Pyralidae,Metaraphia,Metaraphia postluteella,"Hampson, 1901",2,Rubroshorea / Shorea,3,Rubroshorea macroptera / Rubroshorea leprosula / Shorea foxworthyi,Fruits / Seeds,Fruit Feeder / Seed Feeder,Malaysia,Robinson et al. (2025),
Lepidoptera,Pyralidae,Nacoleia,Nacoleia charesalis,"Walker, 1859",1,Rubroshorea,3,Rubroshorea leprosula / Rubroshorea macroptera / Rubroshorea parvifolia,Fruits,Fruit Feeder,Malaysia,Robinson et al. (2025),
Lepidoptera,Pyralidae,Stericta,Stericta sp.,,3,Dipterocarpus / Rubroshorea / Shorea,3,Shorea seminis / Rubroshorea lepidota / Dipterocarpus dyeri,Seeds / Seed wings,Fruit Feeder / Seed Feeder,Malaysia,Robinson et al. (2025),
Lepidoptera,Sphingidae,Ambulyx,Ambulyx canescens,"Walker, [1865]",2,Dryobalanops / Rubroshorea,3,Rubroshorea lepidota / Dryobalanops lanceolata / Rubroshorea macroptera,Leaves,Defoliator,Malaysia,Robinson et al. (2025),
Lepidoptera,Tineidae,Erechthias,Erechthias zebrina,"(Butler, 1881)",1,Rubroshorea,3,Rubroshorea acuminata / Rubroshorea macroptera / Rubroshorea leprosula,On Detritus / Pericarp,Detritivore,Malaysia,Robinson et al. (2025),
Lepidoptera,Tortricidae,Cydia,Cydia spp.,,2,Dipterocarpus / Rubroshorea,3,Dipterocarpus kerrii / Rubroshorea ovalis / Rubroshorea macroptera,Fruits / Seeds,Fruit Feeder / Seed Feeder,Malaysia,Robinson et al. (2025),
Phasmatodea,Heteronemiidae,Asceles,Asceles margaritatus,"Redtenbacher, 1908",3,Dipterocarpus / Hopea / Parashorea,3,Dryobalanops lanceolata / Hopea nervosa / Parashorea malaanonan,Leaves,Defoliator,Malaysia,Blüthgen et al. (2006),
Phasmatodea,Lonchodidae,Hermagoras,Hermagoras cultratolobatus ,"(Brunner von Wattenwyl, 1907)",3,Dryobalanops / Hopea / Parashorea,3,Dryobalanops lanceolata / Hopea nervosa / Parashorea malaanonan,Leaves,Defoliator,Malaysia,Blüthgen et al. (2006),
Blattodea,Termitidae,Microcerotermes,Microcerotermes duplex ,"(Desneux, 1904)",2,Richetia / Rubroshorea,2,Rubroshorea beccariana / Richetia multiflora,Wood,Wood Feeder,Malaysia,Chey (1996),
Coleoptera,Anthribidae,Mecocerus,Mecocerus basalis ,"Jordan, 1894",2,Dipterocarpus / Shorea,2,Dipterocarpus grandiflorus / Shorea sp.,Wood,Wood Borer,Philippines,Morimoto & Raros (1977),
Coleoptera,Attelabidae,Involvulus,Involvulus sp.,,2,Dipterocarpus / Dryobalanops,2,Dryobalanops lanceolata / Dipterocarpus pachyphyllus,Seeds,Seed Feeder,Malaysia,Nakagawa et al. (2003),
Coleoptera,Cerambycidae,Acalolepta,Acalolepta rusticatrix,"(Fabricius, 1801) ",2,Parashorea / Rubroshorea,2,Parashorea malaanonan / Rubroshorea johorensis,Wood,Wood Borer,Philippines,Morimoto & Raros (1977),
Coleoptera,Cerambycidae,Anomophysis,Anomophysis absurda,"(Newman, 1842)",2,Dipterocarpus / Shorea,2,Dipterocarpus grandiflorus / Shorea sp.,Wood,Wood Borer,Philippines,Morimoto & Raros (1977),
Coleoptera,Cerambycidae,Trirachys,Trirachys holosericeus ,"(Fabricius, 1787)",2,Dipterocarpus / Shorea,2,Dipterocarpus grandiflorus / Shorea sp.,Wood,Wood Borer,Philippines,Morimoto & Raros (1977),
Coleoptera,Cerambycidae,Trirachys,Trirachys indutus ,"(Newman, 1842)",2,Parashorea / Shorea,2,Parashorea malaanonan / Shorea sp.,Wood,Wood Borer,Philippines,Morimoto & Raros (1977),
Coleoptera,Curculionidae,Alcidodes,Alcidodes fugitus,"Lyal in Lyal & Curran, 2000",1,Hopea,2,Hopea ferruginea / Hopea sangal,Seeds (pre-dispersal),Seed Feeder,Indonesia,Lyal & Curran (2000),
Coleoptera,Curculionidae,Alcidodes,Alcidodes walliorum ,"Lyal in Lyal & Curran, 2000",1,Hopea,2,Hopea dyeri / Hopea mengarawan,Seeds (pre-dispersal),Seed Feeder,Malaysia / Indonesia,Lyal & Curran (2000),
Coleoptera,Curculionidae,Arixyleborus,Arixyleborus granulifer,"Wood & Bright, 1992",2,Dipterocarpus / Shorea,2,Dipterocarpus grandiflorus / Shorea sp.,Wood,Wood Borer,Philippines,Morimoto & Raros (1977),
Coleoptera,Curculionidae,Arixyleborus,Arixyleborus imitator,"Schedl, 1936",2,Dipterocarpus / Shorea,2,Dipterocarpus grandiflorus / Shorea sp.,Wood,Wood Borer,Philippines,Morimoto & Raros (1977),
Coleoptera,Curculionidae,Arixyleborus,Arixyleborus rugosipes,"Hopkins, 1915",2,Dipterocarpus / Shorea,2,Dipterocarpus grandiflorus / Shorea sp.,Wood,Wood Borer,Philippines,Morimoto & Raros (1977),
Coleoptera,Curculionidae,Coccotrypes,Coccotrypes cardamomi ,"Schaufuss, C.F.C., 1905",2,Dipterocarpus / Rubroshorea,2,Dipterocarpus palembanicus / Rubroshorea smithiana ,Fruits,Fruit Feeder,Malaysia,Nakagawa et al. (2003),
Coleoptera,Curculionidae,Diapus,Diapus quinquespinatus,"Chapuis, 1865",2,Dipterocarpus / Shorea,2,Dipterocarpus grandiflorus / Shorea sp.,Wood,Wood Borer,Philippines,Morimoto & Raros (1977),
Coleoptera,Curculionidae,Endaenidius,Endaenidius spinipes,"Kojima & Morimoto, 1995",1,Rubroshorea,2,Rubroshorea pilosa / Rubroshorea quadrinervis,Seeds,Seed Feeder,Malaysia,Nakagawa et al. (2003),
Coleoptera,Curculionidae,Euwallacea,Euwallacea similis ,"(Ferrari, 1867)",2,Dipterocarpus / Rubroshorea,2,Dipterocarpus pachyphyllus / Rubroshorea smithiana,Fruits,Fruit Feeder,Malaysia,Nakagawa et al. (2003),
Coleoptera,Curculionidae,Ips,Ips bicaudatus,"Eggers, 1927",2,Dipterocarpus / Vatica,2,Dipterocarpus grandiflorus / Vatica mangachapoi,Wood,Wood Borer,Philippines,Morimoto & Raros (1977),
Coleoptera,Curculionidae,Ozopemon,Ozopemon brownei ,"Schedl, 1953",2,Dipterocarpus / Shorea,2,Dipterocarpus grandiflorus / Shorea sp.,Wood,Wood Borer,Philippines,Morimoto & Raros (1977),
Coleoptera,Curculionidae,Platypus,Platypus curtus,"Chapuis, 1865",2,Dipterocarpus / Shorea,2,Dipterocarpus grandiflorus / Shorea sp.,Wood,Wood Borer,Philippines,Morimoto & Raros (1977),
Coleoptera,Curculionidae,Sphaerotrypes,Sphaerotrypes moseri,"Eggers, 1927",2,Parashorea / Pentacme,2,Parashorea malaanonan / Pentacme contorta,Wood,Wood Borer,Philippines,Morimoto & Raros (1977),
Coleoptera,Curculionidae,Treptoplatypus,Treptoplatypus solidus,"Bright & Skidmore, 2002",2,Dipterocarpus / Shorea,2,Dipterocarpus grandiflorus / Shorea sp.,Wood,Wood Borer,Philippines,Morimoto & Raros (1977),
Coleoptera,Curculionidae,Xyleborinus,Xyleborinus exiguus,"Wood & Bright, 1992",2,Dipterocarpus / Dryobalanops,2,Dryobalanops aromatica / Dipterocarpus tempehes,Fruits,Fruit Feeder,Malaysia,Nakagawa et al. (2003),
Coleoptera,Curculionidae,Xyleborus,Xyleborus bidentatus,"Wood & Bright, 1992",2,Dipterocarpus / Shorea,2,Dipterocarpus grandiflorus / Shorea sp.,Wood,Wood Borer,Philippines,Morimoto & Raros (1977),
Coleoptera,Curculionidae,Xyleborus,Xyleborus emarginatus ,"Schedl, 1952",2,Dipterocarpus / Shorea,2,Dipterocarpus grandiflorus / Shorea sp.,Wood,Wood Borer,Philippines,Morimoto & Raros (1977),
Coleoptera,Curculionidae,Xyleborus,Xyleborus posticepilosus,"Schedl, 1951",2,Dipterocarpus / Shorea,2,Dipterocarpus grandiflorus / Shorea sp.,Wood,Wood Borer,Philippines,Morimoto & Raros (1977),
Coleoptera,Curculionidae,Xyleborus,Xyleborus subcostatus,"Eichhoff, 1869",2,Dipterocarpus / Shorea,2,Dipterocarpus grandiflorus / Shorea sp.,Wood,Wood Borer,Philippines,Morimoto & Raros (1977),
Coleoptera,Curculionidae,Xyleborus,Xyleborus torquatus,"Eichhoff, 1868",2,Dipterocarpus / Rubroshorea,2,Dipterocarpus grandiflorus / Rubroshorea palosapis,Wood,Wood Borer,Philippines,Morimoto & Raros (1977),
Coleoptera,Nanophyidae,Damnux,Damnux confusa,"Lyal in Lyal & Curran, 2003",2,Dipterocarpus / Rubroshorea,2,Dipterocarpus costulatus / Rubroshorea kunstleri,Seeds (pre-dispersal),Seed Feeder,Malaysia,Lyal & Curran (2003),
Coleoptera,Nanophyidae,Damnux,Danmux wagneri,"Lyal in Lyal & Curran, 2003",1,Dipterocarpus,2,Dipterocarpus grandiflorus / Dipterocarpus tuberculatus,Seeds (pre-dispersal),Seed Feeder,Thailand,"Basset et al. (2019), Lyal & Curran (2003)",
Coleoptera,Scarabaeidae,Exopholis,Exopholis hypoleuca,"(Wiedemann, 1819)",2,Dipterocarpus / Dryobalanops,2,Dipterocarpus applanatus / Dryobalanops lanceolata,Leaves,Defoliator,Malaysia,"Chung (1998), Chung et al. (2013)",
Hemiptera,Beesoniidae,Echinogalla,Echinogalla pustulata,"Takagi, 2001",1,Shorea,2,Shorea falcifera / Shorea glauca,Leaves,Gall-former,Malaysia,Takagi (2001),
Hemiptera,Beesoniidae,Gallacoccus,Gallacoccus anthonyae,"Beardsley, 1971",1,Rubroshorea,2,Rubroshorea curtisii / Rubroshorea pauciflora,Leaves,Gall-former,Singapore,Beardsley (1971),
Hemiptera,Beesoniidae,Gallacoccus,Gallacoccus secundus,"Beardsley, 1971",1,Rubroshorea,2,Rubroshorea curtisii / Rubroshorea pauciflora,Leaves,Gall-former,Singapore,"Beardsley (1971), Takagi (2001)",
Hemiptera,Beesoniidae,Gallacoccus,Gallacoccus spp.,,1,Rubroshorea,2,Rubroshorea macroptera / Rubroshorea leprosula,Leaves / Fruits,Gall-former,Malaysia,Ong et al. (2020),
Hemiptera,Diaspididae,Pentalaminaspis,Pentalaminaspis minuta,"(Kotinsky, 1908)",1,Rubroshorea,2,Rubroshorea fallax / Rubroshorea beccariana,,Sap Suckers,Malaysia,Normark et al. (2019),
Hemiptera,Eriococcidae,Pedroniopsis,Pedroniopsis beesoni,"Green, 1926",2,Dipterocarpus / Rubroshorea,2,Dipterocarpus tuberculatus / Rubroshorea leprosula,,Sap Suckers,"Myanmar, Malaysia",Green (1926),
Hymenoptera,Apidae,Tetragonula,Tetragonula melina,"(Gribodo, 1893)",1,Anthoshorea,2,Anthoshorea confusa / Anthoshorea agamii,Resin,Resin Feeders,Brunei,Chui et al. (2023),
Lepidoptera,Cossidae,Polyphagozerra,Polyphagozerra coffeae,"(Nietner, 1861)",2,Anisoptera / Penatcme,2,Pentacme siamensis / Anisoptera costata,Twigs,Wood Borer,Thailand,Robinson et al. (2025),
Lepidoptera,Crambidae,Dichocrocis ,Dichocrocis evaxalis,"Walker, 1859",1,Dipterocarpus,2,Dipterocarpus grandiflorus / Dipterocarpus crinitus,Fruits / Seeds,Fruit Feeder / Seed Feeder,Malaysia,Robinson et al. (2025),
Lepidoptera,Crambidae,Dichocrocis ,Dichocrocis nilusalis,"Walker, 1859",2,Dryobalanops / Rubroshorea,2,Rubroshorea lepidota / Dryobalanops aromatica,Leaves,Defoliator,South-East Asia,Robinson et al. (2025),
Lepidoptera,Erebidae,Lymantria,Lymantria bivittata marginalis,"Walker, 1862",1,Rubroshorea,2,Rubroshorea macroptera / Rubroshorea macrophylla / ,Leaves,Defoliator,Malaysia,Robinson et al. (2025),
Lepidoptera,Erebidae,Orgyia,Orgyia basinigra ,"(Heylaerts, 1892)",2,Anthoshorea / Parashorea,2,Anthoshorea symingtonii / Parashorea malaanonan,Leaves,Defoliator,Malaysia,Chung et al. (2013),
Lepidoptera,Erebidae,Orgyia,Orgyia postica,"(Walker, 1855)",1,Anthoshorea / Rubroshorea,2,Anthoshorea bracteolata / Rubroshorea leprosula,Leaves,Defoliator,Malaysia,Robinson et al. (2025),
Lepidoptera,Geometridae,Mesotrophe,Mesotrophe intortaria,"(Guenée, [1858])",2,Richetia / Rubroshorea,2,Richetia acuminatissima / Rubroshorea argentifolia,Flowers,Florivore,Malaysia,Chung et al. (2011),
Lepidoptera,Geometridae,Ornithospila,Ornithospila submontrans,"(Walker, 1861)",2,Richetia / Rubroshorea,2,Richetia xanthophylla / Rubroshorea parvifolia,Flowers / Leaves,Florivore / Defoliator,Malaysia,Chung et al. (2011),
Lepidoptera,Gracillariidae,Chrysocercops,Chrysocercops hopeella,"Kumata, 1992",1,Hopea,2,Hopea nutans / Hopea odorata,Leaves,Leaf Miner,Malaysia,Kumata (1992),
Lepidoptera,Gracillariidae,Chrysocercops,Chrysocercops squamosa,"Kumata, 1992",1,Vatica,2,Vatica pallida / Vatica pauciflora,Leaves,Leaf Miner,Malaysia,Kumata (1992),
Lepidoptera,Gracillariidae,Chrysocercops,Chrysocercops vaticae,"(Kumata, 1992)",1,Vatica,2,Vatica bella / Vatica pauciflora,Leaves,Leaf Miner,Malaysia,Kumata (1992),
Lepidoptera,Lasiocampidae,Trabala,Trabala sp.,,2,Neobalanocarpus / Rubroshorea,2,Rubroshorea platyclados / Neobalanocarpus heimii,Leaves,Defoliator,West Malaysia,Robinson et al. (2025),
Lepidoptera,Lycaenidae,Arhopala,Arhopala atosia,"(Hewitson, 1863)",2,Anthoshorea / Anisoptera,2,Anthoshorea roxburghii / Anisoptera laevis,Leaves,Defoliator,Thailand / Malaysia,Robinson et al. (2025),
Lepidoptera,Lycaenidae,Rapala,Rapala manea ingana,"Fruhstorfer, 1912",1,Rubroshorea,2,Rubroshorea argentifolia / Rubroshorea johorensis,Flowers,Florivore,Malaysia,Chung et al. (2011),
Lepidoptera,Lycaenidae,Simiskina,Simiskina phalia,"(Hewitson, 1874)",2,Rubroshorea / Shorea,2,Shorea atrinervosa / Rubroshorea rugosa,Leaves,Defoliator,Malaysia,Robinson et al. (2025),
Lepidoptera,Noctuidae,Hydrillodes,Hydrillodes gravatalis,"(Walker, 1859)",2,Dipterocarpus / Rubroshorea,2,Dipterocarpus crinitus / Rubroshorea macroptera,On Detritus / Pericarp,Detritivore,Malaysia,Robinson et al. (2025),
Lepidoptera,Oecophoridae,Stathmopoda,Stathmopoda sp.,,2,Dipterocarpus / Neobalanocarpus,2,Neobalanocarpus heimii / Dipterocarpus baudii,Fruits / Seeds,Fruit Feeder / Seed Feeder,Malaysia,Robinson et al. (2025),
Lepidoptera,Psychidae,Metisa,Metisa plana,"Walker, 1883",2,Anisoptera / Shorea,2,Rubroshorea balangeran / Anisoptera marginata,Leaves,Defoliator,Indonesia,"Asmaliyah et al. (2019), Lelana et al. (2022), Budiman et al. (2020)",
Lepidoptera,Pyralidae,Agrotera,Agrotera sp.,,2,Anthoshorea / Rubroshorea,2,Anthoshorea javanica / Rubroshorea ovalis,Fruit wings,Fruit Feeder,Malaysia,Robinson et al. (2025),
Lepidoptera,Pyralidae,Cydalima,Cydalima conchylalis,"Guenée, 1854",1,Dipterocarpus,2,Dipterocarpus tuberculatus / Dipterocarpus turbinatus,Leaves,Defoliator,Thailand,Robinson et al. (2025),
Lepidoptera,Pyralidae,Glyphodes,Glyphodes sp.,,2,Anthoshorea / Pentacme,2,Pentacme siamensis / Anthoshorea roxburghii,Leaves,Defoliator,Thailand,Robinson et al. (2025),
Lepidoptera,Pyralidae,Lista,Lista sp.,,2,Dryobalanops / Rubroshorea,2,Rubroshorea parvifolia / Dryobalanops beccarii,Leaves,Defoliator,Malaysia / Brunei,Robinson et al. (2025),
Lepidoptera,Pyralidae,Tirathaba,Tirathaba ruptilinea,"(Walker, 1866)",2,Anthoshorea / Rubroshorea,2,Anthoshorea gratissima / Rubroshorea macroptera,Fruits,Fruit Feeder,Indonesia / Thailand,Basset et al. (2019),
Lepidoptera,Saturniidae,Attacus,Attacus atlas,"(Linnaeus, 1758)",2,Pentacme / Shorea,2,Pentacme siamensis / Shorea obtusa,Leaves,Defoliator,Thailand,Robinson et al. (2025),
Lepidoptera,Sesiidae,Synanthedon,Synanthedon sp.,,1,Dipterocarpus,2,Dipterocarpus gracilis / Dipterocarpus baudii,Fruits,Fruit Feeder,Malaysia,Robinson et al. (2025),
Lepidoptera,Thyrididae,Rhodoneura,Rhodoneura sp.,,2,Rubroshorea / Vatica,2,Vatica odorata / Rubroshorea ovalis,Leaves,Defoliator,Malaysia,Robinson et al. (2025),
Lepidoptera,Thyrididae,Striglina,Striglina scitaria,"Walker, 1862",2,Anisoptera / Rubroshorea,2,Rubroshorea leprosula / Anisoptera sp.,Leaves,Defoliator,Malaysia,Robinson et al. (2025),
Lepidoptera,Tineidae,Opogona,Opogona icterica,"Meyrick, 1915",2,Dipterocarpus / Rubroshorea,2,Dipterocarpus crinitus / Rubroshorea kunstleri,On Detritus / Pericarp,Detritivore,Malaysia,Robinson et al. (2025),
Lepidoptera,Tortricidae,Archips,Archips micaceana,"(Walker, 1863)",2,Hopea / Anthoshorea,2,Hopea odorata / Anthoshorea roxburghii,Leaves,Defoliator,Thailand,Robinson et al. (2025),
Lepidoptera,Tortricidae,Cydia,Cydia magnetica,"(Meyrick, 1928)",2,Dryobalanops / Shorea,2,Dryobalanops aromatica / Shorea glauca,Fruits / Seeds,Fruit Feeder / Seed Feeder,Malaysia,Robinson et al. (2025),
Lepidoptera,Tortricidae,Dudua,Dudua aprobola,"(Meyrick, 1886)",2,Parashorea / Richetia,2,Parashorea tomentella / Richetia xanthophylla,Flowers,Florivore,Malaysia,Chung et al. (2013),
Lepidoptera,Tortricidae,Eucosma,Eucosma rhymogramma,"Meyrick, 1916",2,Dipterocarpus / Richetia,2,Dipterocarpus crinitus / Richetia longisperma,Fruits,Fruit Feeder,Malaysia,Robinson et al. (2025),
Phasmatodea,Heteropterygidae,Dares,Dares validispinus,"Stål, 1875",2,Dryobalanops / Rubroshorea,2,Dryobalanops lanceolata / Rubroshorea smithiana ,Leaves,Defoliator,Malaysia,Junker et al. (2008),
Phasmatodea,Lonchodidae,Hermagoras,Hermagoras hosei,"Kirby, 1896",2,Dryobalanops / Rubroshorea,2,Dryobalanops lanceolata / Rubroshorea smithiana ,Leaves,Defoliator,Malaysia,Junker et al. (2008),
Phasmatodea,Lonchodidae,Lonchodes,Lonchodes jejunus,"(Brunner von Wattenwyl, 1907)",2,Dryobalanops / Rubroshorea,2,Dryobalanops lanceolata / Rubroshorea smithiana ,Leaves,Defoliator,Malaysia,Junker et al. (2008),
Phasmatodea,Lonchodidae,Necroscia,Necroscia sp.,,2,Dryobalanops / Rubroshorea,2,Dryobalanops lanceolata / Rubroshorea smithiana ,Leaves,Defoliator,Malaysia,Junker et al. (2008),
Phasmatodea,Lonchodidae,Stheneboea ,Stheneboea  tuberculata,"Kirby, 1896",2,Dryobalanops / Hopea,2,Dryobalanops lanceolata / Hopea nervosa,Leaves,Defoliator,Malaysia,Blüthgen et al. (2006),
Blattodea,Heterotermitidae,Coptotermes,Coptotermes curvignathus ,"Holmgren, 1913",1,Rubroshorea,1,Rubroshorea beccariana ,Wood,Wood Feeder,Malaysia,Chey (1996),
Blattodea,Heterotermitidae,Coptotermes,Coptotermes sp.,,1,Rubroshorea,1,Rubroshorea leprosula,Wood,Wood Feeder,Indonesia,Ngatiman (2017),
Blattodea,Heterotermitidae,Coptotermes,Coptotermes travians ,"(Haviland, 1898)",1,Richetia,1,Richetia multiflora,Wood,Wood Feeder,Malaysia,Chey (1996),
Blattodea,Termitidae,Macrotermes,Macrotermes cf. malaccensis ,"(Haviland, 1898)",1,Shorea,1,Shorea sp.,Roots,Wood Feeder,Malaysia,Kirton & Cheng (2007) ,
Blattodea,Termitidae,Nasutitermes,Nasutitermes sp.,,1,Shorea,1,Shorea sp.,Roots,Wood Feeder,Malaysia,Kirton & Cheng (2007) ,
Blattodea,Termitidae,Odontotermes,Odontotermes cf. oblongatus ,"Holmgren, 1913",1,Shorea,1,Shorea sp.,Roots,Wood Feeder,Malaysia,Kirton & Cheng (2007) ,
Blattodea,Termitidae,Odontotermes,Odontotermes sp.,,1,Shorea,1,Shorea sp.,Roots,Wood Feeder,Malaysia,Kirton & Cheng (2007) ,
Blattodea,Termitidae,Pericapritermes,Pericapritermes sp.,,1,Shorea,1,Shorea sp.,Roots,Wood Feeder,Malaysia,Kirton & Cheng (2007) ,
Blattodea,Termitidae,Procapritermes,Procapritermes setiger ,"(Haviland, 1898)",1,Shorea,1,Shorea sp.,Roots,Wood Feeder,Malaysia,Kirton & Cheng (2007) ,
Coleoptera,Anthribidae,Acanthothorax,Acanthothorax allectus ,"Rheinheimer, J., 2004",1,Dipterocarpus,1,Dipterocarpus grandiflorus,Wood,Wood Borer,Philippines,Morimoto & Raros (1977),
Coleoptera,Anthribidae,Mecocerus,Mecocerus gazella ,"Gyllenhal in Schoenherr, 1833",1,Dipterocarpus,1,Dipterocarpus grandiflorus,Wood,Wood Borer,Philippines,Morimoto & Raros (1977),
Coleoptera,Anthribidae,Phloeobius,Phloebius pallipes,"Jordan, 1895",1,Dipterocarpus,1,Dipterocarpus cornutus,Seeds,Seed Feeder,?,Nakagawa et al. (2005),
Coleoptera,Brentidae,Cyphagogus,Cyphagogus planifrons ,"Kirsch, 1875",1,Dipterocarpus,1,Dipterocarpus grandiflorus,Wood,Wood Borer,Philippines,Morimoto & Raros (1977),
Coleoptera,Buprestidae,Belionota,Belionota prasina,"(Thunberg, 1789)",1,Hopea,1,Hopea odorata,Wood,Wood Borer,Indonesia,Haneda et al. (2020),
Coleoptera,Cerambycidae,Anancylus,Anancylus (Paranancylus) socius,"Pascoe, 1865",1,Dipterocarpus,1,Dipterocarpus grandiflorus,Wood,Wood Borer,Philippines / Malaysia,"Morimoto & Raros (1977), Chung (2008)",
Coleoptera,Cerambycidae,Batocera,Batocera calanus,"(Parry, 1844)",1,Rubroshorea,1,Rubroshorea almon,Wood,Wood Borer,Philippines,Morimoto & Raros (1977),
Coleoptera,Cerambycidae,Batocera,Batocera rubus,"(Linné, 1758)",1,Shorea,1,Shorea sp.,Wood,Wood Borer,Philippines,Morimoto & Raros (1977),
Coleoptera,Cerambycidae,Chloridolum,Chloridolum accensum ,"(Newman, 1842)",1,Dipterocarpus,1,Dipterocarpus grandiflorus,Wood,Wood Borer,Philippines,Morimoto & Raros (1977),
Coleoptera,Cerambycidae,Dialeges,Dialeges pauper,"Pascoe, 1857",1,Shorea,1,Shorea sp.,Wood,Wood Borer,Philippines,Morimoto & Raros (1977),
Coleoptera,Cerambycidae,Eoporis,Eoporis elegans,"Pascoe, 1864",1,Dipterocarpus,1,Dipterocarpus grandiflorus,Wood,Wood Borer,Philippines,Morimoto & Raros (1977),
Coleoptera,Cerambycidae,Epepeotes,Epepeotes ambigenus,"(Chevrolat, 1841)",1,Parashorea,1,Parashorea malaanonan,Wood,Wood Borer,Philippines,Morimoto & Raros (1977),
Coleoptera,Cerambycidae,Euryphagus,Euryphagus lundii,"(Fabricius, 1793)",1,Rubroshorea,1,Rubroshorea leprosula,Wood,Wood Borer,Malaysia,Ong et al. (2020),
Coleoptera,Cerambycidae,Glenea,Glenea sp.,,1,Rubroshorea,1,Rubroshorea leprosula,Wood,Wood Borer,Malaysia,Ong et al. (2020),
Coleoptera,Curculionidae,Alcidodes,Alcidodes micranthiphilus  ,"Lyal in Lyal & Curran, 2000",1,Vatica,1,Vatica micrantha,Seeds (pre-dispersal),Seed Feeder,Indonesia / Thailand / Malaysia,Lyal & Curran (2000),
Coleoptera,Curculionidae,Alcidodes,Alcidodes ramezei  ,"Lyal in Lyal & Curran, 2000",1,Dipterocarpus,1,Dipterocarpus obtusifolius,Seeds (pre-dispersal),Seed Feeder,Thailand / Laos,Lyal & Curran (2000),
Coleoptera,Curculionidae,Camptorhinus,Camptorhinus doriae,"Pascoe, 1885",1,Dipterocarpus,1,Dipterocarpus grandiflorus,Wood,Wood Borer,Philippines,Morimoto & Raros (1977),
Coleoptera,Curculionidae,Camptorhinus,Camptorhinus tibialis,"(Sparrman, A., 1785)",1,Dipterocarpus,1,Dipterocarpus grandiflorus,Wood,Wood Borer,Philippines,Morimoto & Raros (1977),
Coleoptera,Curculionidae,Coccotrypes,Coccotrypes graniceps,"Browne, 1970",1,Neobalanocarpus,1,Neobalanocarpus heimii,Fruits (post-dispersal),Fruit Feeder,Malaysia,Browne et al. (1961),
Coleoptera,Curculionidae,Coccotrypes,Coccotrypes myristicae,"Wood & Bright, 1992",1,Dryobalanops,1,Dryobalanops lanceolata,Fruits,Fruit Feeder,Malaysia,Nakagawa et al. (2003),
Coleoptera,Curculionidae,Colobodes,Colobodes billbergi ,"Lacord., 1865",1,Dipterocarpus,1,Dipterocarpus grandiflorus,Wood,Wood Borer,Philippines,Morimoto & Raros (1977),
Coleoptera,Curculionidae,Coptodryas,Coptodryas confusa,"Hopkins, 1915",1,Dipterocarpus,1,Dipterocarpus grandiflorus,Wood,Wood Borer,Philippines,Morimoto & Raros (1977),
Coleoptera,Curculionidae,Crossotarsus,Crossotarsus laratensis,"Beeson, 1937",1,Dipterocarpus,1,Dipterocarpus grandiflorus,Wood,Wood Borer,Philippines,Morimoto & Raros (1977),
Coleoptera,Curculionidae,Crossotarsus,Crossotarsus lecontei,"Chapuis, 1865",1,Pentacme,1,Pentacme contorta,Wood,Wood Borer,Philippines,Morimoto & Raros (1977),
Coleoptera,Curculionidae,Crossotarsus,Crossotarsus palatus,"Beeson, 1937",1,Pentacme,1,Pentacme contorta,Wood,Wood Borer,Philippines,Morimoto & Raros (1977),
Coleoptera,Curculionidae,Curculio,Curculio sp.,,1,Rubroshorea,1,Rubroshorea parvifolia,Seeds,Seed Feeder,Malaysia,Hosaka et al. (2009),
Coleoptera,Curculionidae,Cyrtogenius,Cyrtogenius elongatus,"Wood & Bright, 1992",1,Dipterocarpus,1,Dipterocarpus grandiflorus,Wood,Wood Borer,Philippines,Morimoto & Raros (1977),
Coleoptera,Curculionidae,Dermatoxenus,Dermatoxenus hians,"Marshall, 1932",1,Dryobalanops,1,Dryobalanops aromatica,Seeds,Seed Feeder,Malaysia?,Nakagawa et al. (2005),
Coleoptera,Curculionidae,Diapus,Diapus pendleburyi ,"Schedl, 1936",1,Dipterocarpus,1,Dipterocarpus grandiflorus,Wood,Wood Borer,Philippines,Morimoto & Raros (1977),
Coleoptera,Curculionidae,Diapus,Diapus pussilimus,"Chapuis, 1865",1,Dipterocarpus,1,Dipterocarpus grandiflorus,Wood,Wood Borer,Philippines,Morimoto & Raros (1977),
Coleoptera,Curculionidae,Dinoplatypus,Dinoplatypus cavus,"Bright & Skidmore, 2002",1,Parashorea,1,Parashorea malaanonan,Wood,Wood Borer,Philippines,Morimoto & Raros (1977),
Coleoptera,Curculionidae,Dinoplatypus,Dinoplatypus cupulatus,"Bright & Skidmore, 2002",1,Shorea,1,Shorea sp.,Wood,Wood Borer,Philippines,Morimoto & Raros (1977),
Coleoptera,Curculionidae,Dryocoetiops,Dryocoetiops laevis,"Strohmeyer, 1911",1,Dipterocarpus,1,Dipterocarpus grandiflorus,Wood,Wood Borer,Philippines,Morimoto & Raros (1977),
Coleoptera,Curculionidae,Dryocoetiops,Dryocoetiops malaccensis,"Wood & Bright, 1992",1,Dipterocarpus,1,Dipterocarpus pachyphyllus,Fruits,Fruit Feeder,Malaysia,Nakagawa et al. (2003),
Coleoptera,Curculionidae,Eccoptopterus,Eccoptopterus spinosus,"(Olivier, A.G., 1800)",1,Shorea,1,Shorea sp.,Wood,Wood Borer,Philippines,Morimoto & Raros (1977),
Coleoptera,Curculionidae,Hypocryphalus,Hypocryphalus kalambanganus ,"Schedl, 1943",1,Dipterocarpus,1,Dipterocarpus grandiflorus,Wood,Wood Borer,Philippines,Morimoto & Raros (1977),
Coleoptera,Curculionidae,Hypocryphalus,Hypocryphalus rotundus,"Hopkins, 1915",1,Dipterocarpus,1,Dipterocarpus grandiflorus,Wood,Wood Borer,Philippines,Morimoto & Raros (1977),
Coleoptera,Curculionidae,Hypomeces,Hypomeces squamosus,"Voss, E., 1932",1,Parashorea,1,Parashorea tomentella,Leaves,Defoliator,Malaysia,Chung et al. (2013),
Coleoptera,Curculionidae,Hypothenemus,Hypothenemus areccae ,"Wood & Bright, 1992",1,Dryobalanops,1,Dryobalanops lanceolata ,Fruits,Fruit Feeder,Malaysia,Nakagawa et al. (2003),
Coleoptera,Curculionidae,Hypothenemus,Hypothenemus dipterocarpi,"Hopkins, 1915",1,Rubroshorea,1,Rubroshorea palosapis,Wood,Wood Borer,Philippines,Morimoto & Raros (1977),
Coleoptera,Curculionidae,Niphades,Niphades pardalodus,"Pascoe, F.P., 1871",1,Shorea,1,Shorea sp.,Wood,Wood Borer,Philippines,Morimoto & Raros (1977),
Coleoptera,Curculionidae,Ochyromera,Ochyromera sp.,,1,Dipterocarpus,1,Dipterocarpus geniculatus,Seeds,Seed Feeder,,,
Coleoptera,Curculionidae,Platypus,Platypus obliquesectus,"Schedl, 1973",1,Shorea,1,Shorea sp.,Wood,Wood Borer,Philippines,Morimoto & Raros (1977),
Coleoptera,Curculionidae,Platypus,Platypus shoreanus,"Schedl, 1972",1,Dipterocarpus,1,Dipterocarpus grandiflorus,Wood,Wood Borer,Philippines,Morimoto & Raros (1977),
Coleoptera,Curculionidae,Platypus,Platypus spectabilis,"Schedl, 1935",1,Dipterocarpus,1,Dipterocarpus grandiflorus,Wood,Wood Borer,Philippines,Morimoto & Raros (1977),
Coleoptera,Curculionidae,Platypus,Platypus turbatus,"Chapuis, 1865",1,Pentacme,1,Pentacme contorta,Wood,Wood Borer,Philippines,Morimoto & Raros (1977),
Coleoptera,Curculionidae,Poecilips,Poecilips incognitus ,"Schedl, 1961",1,Dipterocarpus,1,Dipterocarpus verniciftuus ,Wood,Wood Borer,Philippines,Morimoto & Raros (1977),
Coleoptera,Curculionidae,Poecilips,Poecilips sannio,"Schaufuss, C.F.C., 1897",1,Dipterocarpus,1,Dipterocarpus verniciftuus ,Wood,Wood Borer,Philippines,Morimoto & Raros (1977),
Coleoptera,Curculionidae,Scolytomimus,Scolytomimus philippinensis,"Wood & Bright, 1992",1,Dipterocarpus,1,Dipterocarpus grandiflorus,Wood,Wood Borer,Philippines,Morimoto & Raros (1977),
Coleoptera,Curculionidae,Sphaerotrypes,Sphaerotrypes palawanus,"Eggers, 1927",1,Dipterocarpus,1,Dipterocarpus grandiflorus,Wood,Wood Borer,Philippines,Morimoto & Raros (1977),
Coleoptera,Curculionidae,Sphaerotrypes,Sphaerotrypes philippinensis,"Strohmeyer, H., 1911",1,Hopea,1,Hopea sp.,Wood,Wood Borer,Philippines,Morimoto & Raros (1977),
Coleoptera,Curculionidae,Terminalinus,Terminalinus dipterocarpi,"Hopkins, 1915",1,Dipterocarpus,1,Dipterocarpus grandiflorus,Wood,Wood Borer,Philippines,Morimoto & Raros (1977),
Coleoptera,Curculionidae,Terminalinus,Terminalinus macropterus ,"(Schedl, 1935)",1,Dipterocarpus,1,Dipterocarpus grandiflorus,Wood,Wood Borer,Philippines,Morimoto & Raros (1977),
Coleoptera,Curculionidae,Trochorhopalus,Trochorhopalus sp.,,1,Dipterocarpus,1,Dipterocarpus sublamellatus ,Fruits,Fruit Feeder,Indonesia,DSP website,
Coleoptera,Curculionidae,Webbia,Webbia dipterocarpi,"Hopkins, 1915",1,Dipterocarpus,1,Dipterocarpus grandiflorus,Wood,Wood Borer,Philippines,Morimoto & Raros (1977),
Coleoptera,Curculionidae,Xyleborinus,Xyleborinus ferrugineus ,"(Fabricius, 1801)",1,Dryobalanops,1,Dryobalanops aromatica,Fruits,Fruit Feeder,Malaysia,Nakagawa et al. (2003),
Coleoptera,Curculionidae,Xyleborinus,Xyleborinus perexiguus,"Wood & Bright, 1992",1,Hopea,1,Hopea odorata,Wood,Wood Borer,Indonesia,Haneda et al. (2020),
Coleoptera,Curculionidae,Xyleborus,Xyleborus amphicranoides,"Hagedorn, 1908",1,Shorea,1,Shorea sp.,Wood,Wood Borer,Philippines,Morimoto & Raros (1977),
Coleoptera,Curculionidae,Xyleborus,Xyleborus cognatus,"Blandford, 1896",1,Shorea,1,Shorea sp.,Wood,Wood Borer,Philippines,Morimoto & Raros (1977),
Coleoptera,Curculionidae,Xyleborus,Xyleborus obliquesectus,"Eggers, 1927",1,Dipterocarpus,1,Dipterocarpus grandiflorus,Wood,Wood Borer,Philippines,Morimoto & Raros (1977),
Coleoptera,Curculionidae,Xyleborus,Xyleborus obtusicollis,"Schedl, 1938",1,Vatica,1,Vatica mangachapoi,Wood,Wood Borer,,,
Coleoptera,Curculionidae,Xyleborus,Xyleborus subcribrosus ,"Blandford, 1896",1,Dipterocarpus,1,Dipterocarpus grandiflorus,Wood,Wood Borer,Philippines,Morimoto & Raros (1977),
Coleoptera,Curculionidae,Xyleborus,Xyleborus subdentatus ,"Browne, 1974",1,Dryobalanops,1,Dryobalanops lanceolata ,Fruits,Fruit Feeder,Malaysia,Nakagawa et al. (2003),
Coleoptera,Curculionidae,Xyleborus,Xyleborus sublongus,"Eggers, 1927",1,Dipterocarpus,1,Dipterocarpus grandiflorus,Wood,Wood Borer,Philippines,Morimoto & Raros (1977),
Coleoptera,Curculionidae,Xyleborus,Xyleborus ursulus,"Eggers, 1923",1,Shorea,1,Shorea sp.,Wood,Wood Borer,Philippines,Morimoto & Raros (1977),
Coleoptera,Curculionidae,Zeugenia,Zeugenia figurata,"Pascoe, 1871",1,Dipterocarpus,1,Dipterocarpus grandiflorus,Wood,Wood Borer,Philippines,Morimoto & Raros (1977),
Coleoptera,Curculionidae,Zeugenia,Zeugenia rosacea,"Heller, 1922",1,Dipterocarpus,1,Dipterocarpus grandiflorus,Wood,Wood Borer,Philippines,Morimoto & Raros (1977),
Coleoptera,Lyctidae,Minthea,Minthea rugicollis,"(Walker, 1858)",1,Rubroshorea,1,Rubroshorea leprosula,Sapwood,Wood Borer,Malaysia,Chung (2008),
Coleoptera,Nanophyidae,Damnux,Damnux borneensis,"Lyal in Lyal & Curran, 2003",1,Dipterocarpus,1,Dipterocarpus sublamellatus,Seeds (pre-dispersal),Seed Feeder,Indonesia,Lyal & Curran (2003),
Coleoptera,Nanophyidae,Diplophyes,Diplophyes sp.,,1,Parashorea,1,Parashorea stellata,Fruits / Seeds,Fruit Feeder / Seed Feeder,Thailand,Basset et al. (2019),
Coleoptera,Nanophyidae,Manoja,Manoja sp.,,1,Rubroshorea,1,Rubroshorea macrophylla,Fruits,Fruit Feeder,Malaysia,Nakagawa et al. (2003),
Coleoptera,Nanophyidae,Nanophyes,Nanophyes sp.,,1,Rubroshorea,1,Rubroshorea macrophylla,Seeds / Fruits,Fruit Feeder / Seed Feeder,Malaysia,,
Coleoptera,Nitidulidae,Carpophiulus,Carpophilus mutilatus,"Erichson, 1843",1,Dipterocarpus,1,Dipterocarpus obtusifolius,Seeds,Seed Feeder,Thailand,DSP website,
Coleoptera,Platypodidae,Platypus,Euplatypus parallelus,"(Fabricius, 1801)",1,Hopea,1,Hopea odorata,Wood,Wood Borer,Indonesia,Haneda et al. (2020),
Coleoptera,Scarabaeidae,Anomala,Anomala pagana,"Burmeister, 1844",1,Hopea,1,Hopea odorata,Leaves,Defoliator,Indonesia,Haneda et al. (2020),
Coleoptera,Scarabaeidae,Parastasia,Parastasia canaliculata,"Westwood, 1841",1,Shorea,1,Shorea sp.,Wood,Wood Borer,Philippines,Morimoto & Raros (1977),
Coleoptera,Tenebrionidae,Promethis,Promethis sulcigera,"(Boisduval, 1835)",1,Parashorea,1,Parashorea malaanonan,Wood,Wood Borer,Philippines,Morimoto & Raros (1977),
Coleoptera,Tenebrionidae,Tribolium,Tribolium sp.,,1,Shorea,1,Shorea sp.,Fruits,Fruit Feeder,Indonesia,Kalshoven (1956),
Diptera,Stratiomyidae,Ptecticus,Ptecticus sp.,,1,Dipterocarpus,1,Dipterocarpus dyeri,Fruits,Fruit Feeder,Thailand,Basset et al. (2019),
Diptera,Tephritidae,Bactrocera,Bactrocera lateritaenia,"Drew & Hancock, 1994",1,Parashorea,1,Parashorea stellata ,Fruits,Fruit Feeder,Thailand,Basset et al. (2019),
Hemiptera,Aleyrodidae,Aleurocanthus,Aleurocanthus sp.,,1,Rubroshorea,1,Rubroshorea leprosula,Leaves,Sap Suckers,Malaysia,Ong et al. (2020),
Hemiptera,Aleyrodidae,Aleurodicus,Aleurodicus dispersus,"Russell, 1965",1,Rubroshorea,1,Rubroshorea leprosula,Leaves,Sap Suckers,Malaysia,Ong et al. (2020),
Hemiptera,Beesoniidae,Beesonia,Beesonia dipterocarpi,"Green, 1926",1,Dipterocarpus,1,Dipterocarpus tuberculatus,Branch,Gall-former,Myanmar,Green (1926),
Hemiptera,Beesoniidae,Beesonia,Beesonia shoreae,"Takagi, 1995",1,Rubroshorea,1,Rubroshorea curtisii,Twigs,Gall-former,Singapore,Takagi (1995),
Hemiptera,Beesoniidae,Danumococcus,Danumococcus parashoreae,,1,Parashorea,1,Parashorea tomentella ,Leaves,Gall-former,Malaysia,Takagi & Hodgson (2005),
Hemiptera,Beesoniidae,Gallacoccus,Gallacoccus heckrothi,"Takagi, 2001",1,Shorea,1,Shorea sp.?,,Gall-former,Malaysia,Takagi (2001),
Hemiptera,Beesoniidae,Gallacoccus,Gallacoccus longisetosus,"Takagi, 2005",1,Rubroshorea,1,Rubroshorea parvifolia,Wood/ Twigs,Gall-former,Malaysia,Takagi & Hodgson (2005),
Hemiptera,Beesoniidae,Gallacoccus,Gallacoccus spinigalla,"Takagi, 2001",1,Shorea,1,Shorea sp.?,,Gall-former,Malaysia,Takagi (2001),
Hemiptera,Cicadidae,Lawana,Lawana candida,"(Fabricius, 1798)",1,Rubroshorea,1,Rubroshorea leprosula,,Sap Suckers,Indonesia,Rahayu et al. (1998),
Hemiptera,Diaspididae,Aspidiotus,Aspidiotus destructor,"Signoret, 1869",1,Dipterocarpus,1,Dipterocarpus sp.,,Sap Suckers,"Cambodia, Thailand",Takahashi (1942),
Hemiptera,Diaspididae,Aulacaspis,Aulacaspis shoreae,Takagi 2013,1,Shorea,1,Shorea sp.,,Sap Suckers,Malaysia,Takagi (2013),
Hemiptera,Diaspididae,Aulacaspis,Aulacaspis tubercularis,"Newstead, 1906",1,Richetia,1,Richetia laxa,,Sap Suckers,Malaysia,Petrson et al. (2020),
Hemiptera,Diaspididae,Diaulacaspis,Diaulacaspis siamensis,"Takahashi, 1942",1,Dipterocarpus,1,Dipterocarpus sp.,,Sap Suckers,Thailand,Takahashi (1942),
Hemiptera,Diaspididae,Fiorinia,Fiorinia macroprocta,"Sanders, 1909",1,Dipterocarpus,1,Dipterocarpus stellatus,,Sap Suckers,Malaysia,Petrson et al. (2020),
Hemiptera,Diaspididae,Kuchingaspis,Kuchingaspis hopeae,"Takagi, 2005",1,Hopea,1,Hopea sp.,,Sap Suckers,Malaysia,Takagi (2005),
Hemiptera,Diaspididae,Rutherfordia,Rutherfordia shoreae,"Takagi, Pong & Ghee, 1989",1,Rubroshorea,1,Rubroshorea acuminata,,Gall-former,Malaysia,"Takagi, Pong & Ghee (1989)",
Hemiptera,Eriococcidae,Pedroniopsis,Pedroniopsis,,1,Rubroshorea,1,Rubroshorea leprosula,Leaves,Sap Suckers,Malaysia,Ong et al. (2020),
Hemiptera,Monophlebidae,Drosicha,Drosicha burmeisteri,"(Westwood, 1845)",1,Dipterocarpus,1,Dipterocarpus sp.,,Sap Suckers,Thailand,Takahashi (1942),
Hemiptera,Monophlebidae,Icerya,Icerya sp.,,1,Rubroshorea,1,Rubroshorea leprosula,Leaves,Sap Suckers,Malaysia,Ong et al. (2020),
Hemiptera,Pentatomidae,Mucanum,Mucanum sp.,,1,Anthoshorea,1,Anthoshorea javanica,,Sap Suckers,Indonesia,Nair (2007),
Hemiptera,Pseudococcidae,Maconellicoccus,Maconellicoccus multipori ,"(Takahashi, 1951)",1,Shorea,1,Shorea sp.,,Sap Suckers,Singapore,Williams (2005),
Hemiptera,Triozidae,Trioza,Trioza hopeae,,1,Hopea,1,Hopea odorata,Leaves,Gall-former,Vietnam,Burckhardt & Vu (2012),
Hymenoptera,Apidae,Tetragonula,Tetragonula (Tetragonilla) collina,"(Smith, 1857)",1,Shorea,1,Shorea exelliptica,Resin,Resin Feeders,Brunei,Chui et al. (2023),
Hymenoptera,Apidae,Tetragonula,Tetragonula melanocephala,"(Gribodo, 1893)",1,Shorea,1,Shorea obscura,Resin,Resin Feeders,Brunei,Chui et al. (2023),
Hymenoptera,Crabronidae,Liris,Liris sp.,,1,Dipterocarpus,1,Dipterocarpus sp.,Resin,Resin Feeders,Brunei,Chui et al. (2023),
Lepidoptera,Blastobasidae,Blastobasis,Blastobasis inana,"(Butler, 1881)",1,Rubroshorea,1,Rubroshorea acuminata,Fruits / Seeds,Fruit Feeder / Seed Feeder,Malaysia,Robinson et al. (2025),
Lepidoptera,Blastobasidae,Blastobasis,Blastobasis ochromorpha,"Meyrick, 1925",1,Dipterocarpus,1,Dipterocarpus baudii,Fruits / Seeds,Fruit Feeder / Seed Feeder,Malaysia,Robinson et al. (2025),
Lepidoptera,Blastobasidae,Blastobasis,Blastobasis spermologa,"Meyrick, 1916",1,Dipterocarpus,1,Dipterocarpus obtusifolius,Fruits / Seeds,Fruit Feeder / Seed Feeder,Thailand / Malaysia,Robinson et al. (2025),
Lepidoptera,Cosmopterigidae,Cosmopterix,Cosmopterix spp.,,1,Neobalanocarpus,1,Neobalanocarpus heimii,Leaves,Defoliator,Malaysia,Robinson et al. (2025),
Lepidoptera,Cossidae,Xyleutes,Xyleutes ceramica,"(Walker, 1865))",1,Dipterocarpus,1,Dipterocarpus tuberculatus,Stems,Wood Borer,Thailand,Robinson et al. (2025),
Lepidoptera,Crambidae,Dichocrocis ,Dichocrocis  clioalis,"Walker, 1859",1,Rubroshorea,1,Rubroshorea macrophylla,Seeds,Seed Feeder,South-East Asia,Robinson et al. (2025),
Lepidoptera,Crambidae,Eoophyla ,Eoophyla  lobophoralis,"Hampson, 1896",1,Neobalanocarpus,1,Neobalanocarpus heimii,Leaves,Defoliator,Malaysia,Robinson et al. (2025),
Lepidoptera,Crambidae,Lamprosema,Lamprosema camphorae,"Tams, 1928",1,Dryobalanops,1,Dryobalanops aromatica,Leaves,Defoliator,Malaysia,Robinson et al. (2025),
Lepidoptera,Crambidae,Pleuroptya,Pleuroptya balteata,"(Fabricius, 1798)",1,Rubroshorea,1,Rubroshorea leprosula,Leaves,Defoliator,Malaysia,Robinson et al. (2025),
Lepidoptera,Erebidae,Arctornis,Arctornis diaphana,"(Moore, 1879)",1,Rubroshorea,1,Rubroshorea platyclados,Leaves,Defoliator,Malaysia,Robinson et al. (2025),
Lepidoptera,Erebidae,Arctornis,Arctornis singaporensis,"(Strand, 1914)",1,Rubroshorea,1,Rubroshorea parvifolia,Leaves,Defoliator,Malaysia,Robinson et al. (2025),
Lepidoptera,Erebidae,Arna,Arna bipunctapex,"(Hampson, 1891)",1,Shorea,1,Shorea obtusa,Leaves,Defoliator,Thailand,Robinson et al. (2025),
Lepidoptera,Erebidae,Autoba ,Autoba abrupta,"(Walker, 1865)",1,Rubroshorea,1,Rubroshorea argentifolia,Flowers,Florivore,Malaysia,Chung et al. (2011),
Lepidoptera,Erebidae,Eublemma,Eublemma comoda,"(Walker, 1864)",1,Rubroshorea,1,Rubroshorea argentifolia,Flowers,Florivore,Malaysia,Chung et al. (2011),
Lepidoptera,Erebidae,Miltochrista,Miltochrista lutara ,"(Moore, 1859)",1,Dipterocarpus,1,Dipterocarpus grandiflorus,Fruits,Fruit Feeder,Thailand,Basset et al. (2019),
Lepidoptera,Erebidae,Nygmia,Nygmia fumosa,"(Snellen, 1877)",1,Rubroshorea,1,Rubroshorea teysmanniana,Leaves,Defoliator,Malaysia,Robinson et al. (2025),
Lepidoptera,Erebidae,Orgyia,Orgyia osseata,"Walker, 1862",1,Rubroshorea,1,Rubroshorea parvifolia,Leaves,Defoliator,Malaysia,Robinson et al. (2025),
Lepidoptera,Erebidae,Orvasca,Orvasca bicolor,"(Heylaerts, 1892)",1,Rubroshorea,1,Rubroshorea leprosula,Leaves,Defoliator,Malaysia,Robinson et al. (2025),
Lepidoptera,Euteliidae,Anuga,Anuga constricta,"Guenée, 1852",1,Anisoptera,1,Anisoptera sp.,Leaves,Defoliator,West Malaysia,Robinson et al. (2025),
Lepidoptera,Euteliidae,Lophoptera,Lophoptera illucida,"(Walker, 1865)",1,Parashorea,1,Parashorea malaanonan,Leaves,Defoliator,Sabah,Robinson et al. (2025),
Lepidoptera,Euteliidae,Penicillaria,Penicillaria meeki,"Bethune-Baker, 1906",1,Richetia,1,Richetia xanthophylla,Flowers,Florivore,Malaysia,Chung et al. (2011),
Lepidoptera,Gelechiidae,Hypatima,Hypatima tricosma,"(Meyrick, 1933)",1,Dryobalanops,1,Dryobalanops aromatica,Leaves,Leaf Miner,Oriental,Robinson et al. (2025),
Lepidoptera,Geometridae,Anisodes,Anisodes obliviaria,"Walker, 1861",1,Shorea,1,Shorea sumatrana,Leaves,Defoliator,West Malaysia,Robinson et al. (2025),
Lepidoptera,Geometridae,Comibaena,Comibaena attenuata,"(Warren, 1896)",1,Richetia,1,Richetia xanthophylla,Flowers,Florivore,Malaysia,Chung et al. (2011),
Lepidoptera,Geometridae,Comibaena,Comibaena sp.,,1,Richetia,1,Richetia multiflora,Flowers,Florivore,Malaysia,Chung et al. (2011),
Lepidoptera,Geometridae,Cyclophora,Cyclophora subdolaria,"(Swinhoe, 1886)",1,Shorea,1,Shorea sumatrana,Flowers,Florivore,Malaysia,Robinson et al. (2025),
Lepidoptera,Geometridae,Ectropis,Ectropis dentilineata,"Moore, 1868",1,Anisoptera,1,Anisoptera sp.,Leaves,Defoliator,Malaysia,Robinson et al. (2025),
Lepidoptera,Geometridae,Hemithea,Hemithea marina,"(Butler, 1878)",1,Richetia,1,Richetia gibbosa,Flowers,Florivore,Malaysia,Chung et al. (2011),
Lepidoptera,Geometridae,Hyposidra,Hyposidra talaca,"(Walker, 1860)",1,Shorea,1,Shorea sumatrana,Flowers,Florivore,Malaysia,Robinson et al. (2025),
Lepidoptera,Geometridae,Lophophleps,Lophophleps purpurea,"Hampson, 1891",1,Rubroshorea,1,Rubroshorea macroptera,Fruits,Fruit Feeder,Malaysia,Robinson et al. (2025),
Lepidoptera,Geometridae,Pingasa,Pingasa rubicunda,"Warren, 1894",1,Rubroshorea,1,Rubroshorea acuminata,Flowers / Leaves,Florivore / Defoliator,Malaysia,Robinson et al. (2025),
Lepidoptera,Gracillariidae,Chrysocercops,Chrysocercops argentata,"Kumata, 1992",1,Hopea,1,Hopea nutans,Leaves,Leaf Miner,Malaysia,Kumata (1992),
Lepidoptera,Gracillariidae,Chrysocercops,Chrysocercops azmii,"Kumata, 1992",1,Richetia,1,Richetia maxima,Leaves,Leaf Miner,Malaysia,Kumata (1992),
Lepidoptera,Gracillariidae,Chrysocercops,Chrysocercops leprosulae,"Kumata, 1992",1,Rubroshorea,1,Rubroshorea leprosula,Leaves,Leaf Miner,Malaysia,Kumata (1992),
Lepidoptera,Gracillariidae,Chrysocercops,Chrysocercops melastigmata,"Kumata, 1992",1,Hopea,1,Hopea nutans,Leaves,Leaf Miner,Malaysia,Kumata (1992),
Lepidoptera,Gracillariidae,Chrysocercops,Chrysocercops neobalanocarpi,"Kumata, 1992",1,Neobalanocarpus,1,Neobalanocarpus heimii,Leaves,Leaf Miner,Malaysia,Kumata (1992),
Lepidoptera,Gracillariidae,Chrysocercops,Chrysocercops pectinata,"Kumata, 1992",1,Dipterocarpus,1,Dipterocarpus grandiflorus,Leaves,Leaf Miner,Malaysia,Kumata (1992),
Lepidoptera,Gracillariidae,Chrysocercops,Chrysocercops shoreae,"Kumata, 1992",1,Shorea,1,Shorea materialis,Leaves,Leaf Miner,Malaysia,Kumata (1992),
Lepidoptera,Hesperiidae,Capila,Capila phanaeus,"(Hewitson, 1867)",1,Anthoshorea,1,Anthoshorea symingtonii,Leaves,Defoliator,Malaysia,Chung et al. (2013),
Lepidoptera,Immidae,Imma,Imma homocrossa,"Meyrick, 1930",1,Dipterocarpus,1,Dipterocarpus pachyphyllus,Fruits,Fruit Feeder,Malaysia,Nakagawa et al. (2003),
Lepidoptera,Immidae,Moca,Moca auxobathra,"Meyrick, 1906",1,Dryobalanops,1,Dryobalanops oblongifolia,Fruits / Seeds,Fruit Feeder / Seed Feeder,Malaysia,Robinson et al. (2025),
Lepidoptera,Lasiocampidae,Cyclophragma,Cyclophragma sp.,,1,Dipterocarpus,1,Dipterocarpus baudii,Leaves,Defoliator,Malaysia,Robinson et al. (2025),
Lepidoptera,Lasiocampidae,Trabala,Trabala viridana,"Joicey & Talbot, 1917",1,Rubroshorea,1,Rubroshorea platyclados,Leaves,Defoliator,Malaysia,Robinson et al. (2025),
Lepidoptera,Limacodidae,Parasa,Parasa lepida,"(Cramer, 1799)",1,Hopea,1,Hopea odorata,Leaves,Defoliator,Thailand,Robinson et al. (2025),
Lepidoptera,Limacodidae,Setora,Setora sp.,,1,Shorea,1,Shorea kudatensis,Leaves,Defoliator,Malaysia,Chung et al. (2013),
Lepidoptera,Limacodidae,Setothosea,Setothosea asigna,"(van Eecke, 1929)",1,Shorea,1,Shorea glauca,Leaves,Defoliator,West Malaysia,Robinson et al. (2025),
Lepidoptera,Lycaenidae,Arhopala,Arhopala abseus,"(Hewitson, 1862)",1,Rubroshorea,1,Rubroshorea palembanica,Leaves,Defoliator,West Malaysia,Robinson et al. (2025),
Lepidoptera,Lycaenidae,Arhopala,Arhopala aedias,"(Hewitson, 1862)",1,Pentacme,1,Pentacme siamensis,Leaves,Defoliator,Thailand,Robinson et al. (2025),
Lepidoptera,Lycaenidae,Arhopala,Arhopala alaconia,"(Hewitson, [1869])",1,Dipterocarpus,1,Dipterocarpus baudii,Leaves,Defoliator,Malaysia,Robinson et al. (2025),
Lepidoptera,Lycaenidae,Arhopala,Arhopala pseudocentaurus,"(Doubleday, 1847)",1,Shorea,1,Shorea sumatrana,Leaves,Defoliator,West Malaysia,Robinson et al. (2025),
Lepidoptera,Lycaenidae,Drupadia,Drupadia ravindra,"(Horsfield, [1829])",1,Richetia,1,Richetia maxima,Leaves,Defoliator,Malaysia,Robinson et al. (2025),
Lepidoptera,Lycaenidae,Neomyrina,Neomyrina nivea,"(Godman & Salvin, 1878)",1,Neobalanocarpus,1,Neobalanocarpus heimii,Leaves,Defoliator,Malaysia,Robinson et al. (2025),
Lepidoptera,Lycaenidae,Rapala,Rapala pheretima sequeira,"(Distant, 1885)",1,Shorea,1,Shorea sumatrana,Flowers,Florivore,Malaysia,Robinson et al. (2025),
Lepidoptera,Lyonetiidae,Lyonetia,Lyonetia eratopa,"Meyrick, 1933",1,Dipterocarpus,1,Dipterocarpus sp.,Fruits,Fruit Feeder,Indonesia,Robinson et al. (2025),
Lepidoptera,Noctuidae,Achaea,Achaea janata,"(Linnaeus, 1758)",1,Anthoshorea,1,Anthoshorea roxburghii,Leaves,Defoliator,Thailand,Robinson et al. (2025),
Lepidoptera,Noctuidae,Elusa,Elusa ceneusalis,"Walker, 1859",1,Rubroshorea,1,Rubroshorea johorensis,Fruits,Fruit Feeder,Malaysia,Robinson et al. (2025),
Lepidoptera,Noctuidae,Hydrillodes,Hydrillodes hemusalis  ,"(Walker, 1859)",1,Anthoshorea,1,Anthoshorea gratissima,Fruits,Fruit Feeder,Thailand,Basset et al. (2019),
Lepidoptera,Noctuidae,Hydrillodes,Hydrillodes toresalis ,"(Walker, 1859)",1,Dipterocarpus,1,Dipterocarpus crinitus,Fruits,Fruit Feeder,Malaysia,Robinson et al. (2025),
Lepidoptera,Noctuidae,Naarda,Naarda sp.,,1,Dryobalanops,1,Dryobalanops lanceolata,Fruits,Fruit Feeder,Malaysia,Robinson et al. (2025),
Lepidoptera,Noctuidae,Prometopus,Prometopus asahana,"(Kobes, 1985)",1,Rubroshorea,1,Rubroshorea argentifolia,Flowers,Florivore,Malaysia,Chung et al. (2011),
Lepidoptera,Noctuidae,Simplicia,Simplicia turpatalis,"(Walker, 1859)",1,Dipterocarpus,1,Dipterocarpus tuberculatus,Leaves,Defoliator,Thailand,Robinson et al. (2025),
Lepidoptera,Noctuidae,Spodoptera,Spodoptera pecten,"Guenée, 1852",1,Rubroshorea,1,Rubroshorea curtisii,Fruits / Seeds,Fruit Feeder / Seed Feeder,Malaysia,Robinson et al. (2025),
Lepidoptera,Noctuidae,Stictoptera,Stictoptera signifera,"(Walker, 1857)",1,Anisoptera,1,Anisoptera sp.,Leaves,Defoliator,West Malaysia,Robinson et al. (2025),
Lepidoptera,Noctuidae,Targalla,Targalla sp.,,1,Dipterocarpus,1,Dipterocarpus tuberculatus,Leaves,Defoliator,Thailand,Robinson et al. (2025),
Lepidoptera,Nolidae,Blenina,Blenina chlorophila,"Hampson, 1905",1,Rubroshorea,1,Rubroshorea pauciflora,Leaves,Defoliator,Malaysia,Robinson et al. (2025),
Lepidoptera,Nolidae,Etanna,Etanna breviuscula,"(Walker, 1863)",1,Rubroshorea,1,Rubroshorea ovalis,Flowers,Florivore,Malaysia,Robinson et al. (2025),
Lepidoptera,Nolidae,Etanna,Etanna sp.,,1,Rubroshorea,1,Rubroshorea almon,Flowers,Florivore,Malaysia,Chung et al. (2011),
Lepidoptera,Nolidae,Maurilia,Maurilia iconica,(Walker),1,Rubroshorea,1,Rubroshorea leprosula,Leaves,Defoliator,Malaysia,Robinson et al. (2025),
Lepidoptera,Nolidae,Nola,Nola fasciata,"(Walker, 1866)",1,Richetia,1,Richetia xanthophylla,Flowers,Florivore,Malaysia,Chung et al. (2011),
Lepidoptera,Nolidae,Nola,Nola pumila,"Snellen, 1875",1,Rubroshorea,1,Rubroshorea macroptera,Fruits,Fruit Feeder,Malaysia,Robinson et al. (2025),
Lepidoptera,Nolidae,Nola,Nola squalida,"Staudinger, 1870",1,Dryobalanops,1,Dryobalanops oblongifolia,Flowers,Florivore,Malaysia,Robinson et al. (2025),
Lepidoptera,Oecophoridae,Acria,Acria sp.,,1,Shorea,1,Shorea kudatensis,Leaves,Defoliator,Malaysia,Chung et al. (2013),
Lepidoptera,Oecophoridae,Stathmopoda,Stathmopoda philaromia,"Meyrick, 1936",1,Rubroshorea,1,Rubroshorea leprosula,Fruits / Seeds,Fruit Feeder / Seed Feeder,Malaysia,Robinson et al. (2025),
Lepidoptera,Psychidae,Acanthopsyche ,Acanthopsyche ,,1,Rubroshorea,1,Rubroshorea leprosula,Leaves,Defoliator,Indonesia,Lelana et al. (2022),
Lepidoptera,Psychidae,Cryptothelea,Cryptothelea sp.,,1,Shorea,1,Rubroshorea balangeran,Leaves,Defoliator,Indonesia,"Asmaliyah et al. (2019), Lelana et al. (2022), Budiman et al. (2020)",
Lepidoptera,Psychidae,Eumeta,Eumeta minuscula,"(Butler, 1881)",1,Richetia,1,Richetia maxima,Leaves,Defoliator,Malaysia,Robinson et al. (2025),
Lepidoptera,Psychidae,Eumeta,Eumeta variegatus,"(Snellen, 1879)",1,Rubroshorea,1,Rubroshorea selanica,Leaves,Defoliator,Indonesia,Manya (2017),
Lepidoptera,Psychidae,Pagodiella,Pagodiella heckmeyeri,"(Heylaerts, 1885)",1,Rubroshorea,1,Rubroshorea leprosula,Leaves,Defoliator,Malaysia,Ong et al. (2020),
Lepidoptera,Pyralidae,Assara,Assara tuberculosa,"Meyrick, 1933",1,Dipterocarpus,1,Dipterocarpus turbinatus,Leaves,Gall-former,Thailand,Robinson et al. (2025),
Lepidoptera,Pyralidae,Cadra,Cadra cautella,"(Walker, 1863)",1,Shorea,1,Shorea sp.,Fruits,Fruit Feeder,Indonesia,Robinson et al. (2025),
Lepidoptera,Pyralidae,Cryptoblabes,Cryptoblabes sp.,,1,Anthoshorea,1,Anthoshorea bracteolata,Fruits / Seeds,Fruit Feeder / Seed Feeder,Malaysia,Robinson et al. (2025),
Lepidoptera,Pyralidae,Culladia,Culladia,,1,Dipterocarpus,1,Dipterocarpus alatus,Seeds,Seed Feeder,Thailand,Insect of Dipterocarp Database,
Lepidoptera,Pyralidae,Dichocrocis,Dichocrocis sp.,,1,Dipterocarpus,1,Dipterocarpus dyeri,Seeds,Seed Feeder,Malaysia,Robinson et al. (2025),
Lepidoptera,Pyralidae,Doloessa,Doloessa viridis,"Zeller, 1848",1,Shorea,1,Shorea sp.,Fruits / Seeds,Fruit Feeder / Seed Feeder,South-East Asia,Robinson et al. (2025),
Lepidoptera,Pyralidae,Endotricha,Endotricha sp.,,1,Anthoshorea,1,Anthoshorea gratissima,Fruits,Fruit Feeder,Thailand,Basset et al. (2019),
Lepidoptera,Pyralidae,Enzophera,Enzophera sp.,,1,Dipterocarpus,1,Dipterocarpus alatus,Fruits,Fruit Feeder,Thailand,Insect of Dipterocarp Database,
Lepidoptera,Pyralidae,Lamoria,Lamoria sp. ,,1,Rubroshorea,1,Rubroshorea macroptera,Seeds,Seed Feeder,West Malaysia,Robinson et al. (2025),
Lepidoptera,Pyralidae,Lista,Lista haraldusalis,"Walker, 1858",1,Richetia,1,Richetia maxima,Leaves,Defoliator,Malaysia,Robinson et al. (2025),
Lepidoptera,Pyralidae,Mussidia,Mussidia sp. near pectinicornella ,,1,Dipterocarpus,1,Dipterocarpus grandiflorus,Fruits,Fruit Feeder,Thailand,Basset et al. (2019),
Lepidoptera,Pyralidae,Nephopterix,Nephopterix sp.,,1,Rubroshorea,1,Rubroshorea platyclados,Fruits / Seeds,Fruit Feeder / Seed Feeder,Malaysia,Robinson et al. (2025),
Lepidoptera,Pyralidae,Omiodes,Omiodes sp.,,1,Rubroshorea,1,Rubroshorea argentifolia,Leaves,Defoliator,Malaysia,Robinson et al. (2025),
Lepidoptera,Pyralidae,Pempelia,Pempelia sp.,,1,Dipterocarpus,1,Dipterocarpus dyeri,Seeds,Seed Feeder,Malaysia,Robinson et al. (2025),
Lepidoptera,Pyralidae,Pyralis,Pyralis pictalis ,"(Curtis, 1834)",1,Shorea,1,Shorea sp.,Fruits,Fruit Feeder,Indonesia,Robinson et al. (2025),
Lepidoptera,Pyralidae,Salebria,Salebria,,1,Dipterocarpus,1,Dipterocarpus dyeri,Fruits / Seeds,Fruit Feeder / Seed Feeder,Malaysia,Robinson et al. (2025),
Lepidoptera,Pyralidae,Stericta,Stericta carneotincta,"Hampson, 1896",1,Rubroshorea,1,Rubroshorea lepidota,Leaves,Defoliator,Malaysia,Robinson et al. (2025),
Lepidoptera,Pyralidae,Tirathaba,Tirathaba rufivena,"(Walker, 1864)",1,Rubroshorea,1,Rubroshorea macrophylla,Seeds,Seed Feeder,Malaysia,Robinson et al. (2025),
Lepidoptera,Saturniidae,Antheraea,Antheraea frithii,"Moore, 1858",1,Dipterocarpus,1,Dipterocarpus alatus,Leaves,Defoliator,Thailand,Robinson et al. (2025),
Lepidoptera,Saturniidae,Antheraea,Antheraea larissa,"Westwood, 1847",1,Shorea,1,Shorea glauca,Leaves,Defoliator,Malaysia,Robinson et al. (2025),
Lepidoptera,Saturniidae,Antheraea,Antheraea mylitta,"Drury, 1773",1,Dipterocarpus,1,Dipterocarpus alatus,Leaves,Defoliator,Thailand,Robinson et al. (2025),
Lepidoptera,Sesiidae,Canopia,Canopia,,1,Parashorea,1,Parashorea densiflora,Fruits,Fruit Feeder,Malaysia,Daljeet-Singh (1974),
Lepidoptera,Sphingidae,Cypa,Cypa decolor,"Walker, 1856",1,Dryobalanops,1,Dryobalanops lanceolata,Flowers,Florivore,Malaysia,Chung et al. (2011),
Lepidoptera,Thyrididae,Calindoea,Calindoea atripunctalis,"Walker, [1866]",1,Rubroshorea,1,Rubroshorea parvifolia,Leaves,Defoliator,Malaysia,Robinson et al. (2025),
Lepidoptera,Thyrididae,Calindoea,Calindoea elongatalis,"Hampson, 1897",1,Dipterocarpus,1,Dipterocarpus tuberculatus,Leaves,Defoliator,South-East Asia,Robinson et al. (2025),
Lepidoptera,Thyrididae,Hypolamprus,Hypolamprus bipunctatus,"Warren, 1897",1,Vatica,1,Vatica odorata,Leaves,Defoliator,Malaysia,Robinson et al. (2025),
Lepidoptera,Tortricidae,Adoxophyes,Adoxophyes sp.,,1,Shorea,1,Shorea sumatrana,Leaves,Defoliator,Malaysia,Robinson et al. (2025),
Lepidoptera,Tortricidae,Homona,Homona nr. eductana,"(Walker, 1863)",1,Anthoshorea,1,Anthoshorea symingtonii,Leaves,Defoliator,Malaysia ,Chung et al. (2013),
Lepidoptera,Tortricidae,Homona,Homona sp.,,1,Rubroshorea,1,Rubroshorea parvifolia,Flowers,Florivore,Malaysia,Chung et al. (2013),
Lepidoptera,Tortricidae,Homona,Homona tabescens,"(Meyrick, 1921)",1,Rubroshorea,1,Rubroshorea leprosula,Leaves,Defoliator,Malaysia,Robinson et al. (2025),
Lepidoptera,Tortricidae,Hoplitendemis,Hoplitendemis sp. ,,1,Parashorea,1,Parashorea stellata,Fruits,Fruit Feeder,Thailand,"Basset et al. (2019), Brown et al. (2019)",
Lepidoptera,Tortricidae,Olethreutes,Olethreutes sp.,,1,Richetia,1,Richetia multiflora,Leaves,Defoliator,Malaysia ,Robinson et al. (2025),
Orthoptera,Acrididae,Oxya,Oxya chinensis,"(Thunberg, 1815)",1,Rubroshorea,1,Rubroshorea selanica,Leaves,Defoliator,Indonesia,Manya (2017),
Phasmatodea,Heteronemiidae,Asceles,Asceles cf. inquinatus,"Redtenbacher, 1908",1,Parashorea,1,Parashorea malaanonan,Leaves,Defoliator,Malaysia,Blüthgen et al. (2006),
Phasmatodea,Heteronemiidae,Asceles,Asceles moricula,"(Redtenbacher, 1908)",1,Dryobalanops,1,Dryobalanops lanceolata,Leaves,Defoliator,Malaysia,Junker et al. (2008),
Phasmatodea,Heteropterygidae,Hoploclonia,Hoploclonia cuspidata,"Redtenbacher, 1906",1,Dryobalanops,1,Dryobalanops lanceolata,Leaves,Defoliator,Malaysia,Junker et al. (2008),
Phasmatodea,Lonchodidae,Centrophasma,Centrophasma longipennis,"(Günther, 1944)",1,Parashorea,1,Parashorea malaanonan,Leaves,Defoliator,Malaysia,Blüthgen et al. (2006),
Phasmatodea,Lonchodidae,Lonchodes,Lonchodes imitator,"Brunner von Wattenwyl, 1907)",1,Parashorea,1,Parashorea malaanonan,Leaves,Defoliator,Malaysia,Blüthgen et al. (2006),
Phasmatodea,Lonchodidae,Lonchodes,Lonchodes sp.,,1,Dryobalanops,1,Dryobalanops lanceolata,Leaves,Defoliator,Malaysia,Junker et al. (2008),
Phasmatodea,Lonchodidae,Marmessoidea,Marmessoidea rubescens,"(Saussure, 1868)",1,Hopea,1,Hopea nervosa,Leaves,Defoliator,Malaysia,Blüthgen et al. (2006),
